Rg,Spieler,Land,Pos,Verein,Alt,Geboren,GS,Startelf,Min.,90,Tor,Vor,T+V,T-Elf,Elf,VeElf,Gelb,Rot,xG,npxG,xAG,npxG+xAG,PrgC,PrgP,PrgR,Tor,Vor,T+V,T-Elf,T+V-Elf,xG,xAG,xG+xAG,npxG,npxG+xAG
1,Brenden Aaronson,USA,MF,Union Berlin,23-074,2000,11,4,327.0,3.6,0,0,0,0,0,0,2,1,0.1,0.1,0.3,4,4,9,18,0,0,0,0,0,4,7,11,4,11
2,Paxten Aaronson,USA,MF,Eint Frankfurt,20-131,2003,7,1,101.0,1.1,0,1,1,0,0,0,0,0,0.1,0.1,0.1,2,2,5,7,0,89,89,0,89,11,7,19,11,19
3,Junior Adamu,AUT,"FW,MF",Freiburg,22-212,2001,12,0,95.0,1.1,0,0,0,0,0,0,0,0,0.1,0.1,0.1,2,1,1,5,0,0,0,0,0,6,11,17,6,17
4,Sargis Adamyan,ARM,"FW,MF",Köln,30-226,1993,5,0,142.0,1.6,0,1,1,0,0,0,1,0,0.9,0.9,0.5,15,4,5,19,0,63,63,0,63,59,34,93,59,93
5,Karim Adeyemi,GER,"FW,MF",Dortmund,21-351,2002,11,3,370.0,4.1,0,1,1,0,0,0,2,0,0.8,0.8,0.9,17,19,13,39,0,24,24,0,24,20,21,40,20,40
6,Amine Adli,MAR,"MF,DF",Leverkusen,23-239,2000,11,2,265.0,2.9,1,3,4,1,0,0,1,0,0.5,0.5,0.6,12,15,15,45,34,102,136,34,136,18,22,39,18,39
7,Felix Agu,GER,"MF,DF",Werder Bremen,24-099,1999,6,2,196.0,2.2,0,0,0,0,0,0,0,0,0.1,0.1,0.1,2,5,8,8,0,0,0,0,0,6,3,8,6,8
8,Ludovic Ajorque,FRA,FW,Mainz 05,29-313,1994,13,10,878.0,9.8,1,0,1,1,0,2,2,0,4.5,2.9,0.7,36,3,11,57,10,0,10,10,10,46,7,53,30,37
9,Kevin Akpoguma,NGA,DF,Hoffenheim,28-260,1995,10,5,579.0,6.4,0,0,0,0,0,0,5,0,0.0,0.0,0.1,1,4,31,6,0,0,0,0,0,0,2,2,0,2
10,Faride Alidou,GER,"FW,MF",Köln,22-170,2001,9,1,271.0,3.0,0,0,0,0,0,0,1,0,0.2,0.2,0.1,3,11,9,31,0,0,0,0,0,7,2,9,7,9
11,Nadiem Amiri,GER,"MF,FW",Leverkusen,27-069,1996,7,0,19.0,0.2,0,0,0,0,0,0,0,0,0.1,0.1,0.0,1,2,3,5,0,0,0,0,0,28,0,28,28,28
12,Kofi Amoako,GER,MF,Wolfsburg,18-243,2005,1,0,1.0,0.0,0,0,0,0,0,0,0,0,0.0,0.0,0.0,0,0,0,0,0,0,0,0,0,0,0,0,0,0
13,Robert Andrich,GER,"MF,DF",Leverkusen,29-104,1994,10,3,336.0,3.7,0,0,0,0,0,0,0,0,0.0,0.0,0.0,0,1,12,5,0,0,0,0,0,0,0,0,0,0
14,Waldemar Anton,GER,DF,Stuttgart,27-168,1996,16,16,1.408,15.6,0,1,1,0,0,0,2,0,0.6,0.6,0.2,8,22,90,8,0,6,6,0,6,4,1,5,4,5
15,Christopher Antwi-Adjei,GHA,"FW,MF",Bochum,29-331,1994,14,5,637.0,7.1,1,1,2,1,0,0,3,0,1.4,1.4,2.3,37,25,15,74,14,14,28,14,28,20,32,53,20,53
16,Maximilian Arnold,GER,MF,Wolfsburg,29-222,1994,13,10,977.0,10.9,1,0,1,1,0,0,5,0,0.4,0.4,1.5,19,11,58,10,9,0,9,9,9,4,14,17,4,17
17,Arthur,BRA,DF,Leverkusen,20-293,2003,2,0,34.0,0.4,0,0,0,0,0,0,0,0,0.0,0.0,0.0,0,2,2,4,0,0,0,0,0,6,0,6,6,6
18,Takuma Asano,JPN,"FW,MF",Bochum,29-055,1994,16,16,1.178,13.1,5,1,6,5,0,0,1,0,4.8,4.8,0.9,57,29,22,87,38,8,46,38,46,37,7,43,37,43
19,Noah Atubolu,GER,TW,Freiburg,21-224,2002,16,16,1.44,16.0,0,0,0,0,0,0,0,0,0.0,0.0,0.0,0,0,1,0,0,0,0,0,0,0,0,0,0,0
20,Matthias Bader,GER,"DF,MF",Darmstadt 98,26-201,1997,12,10,885.0,9.8,1,1,2,1,0,0,1,0,0.4,0.4,2.0,23,17,35,33,10,10,20,10,20,4,20,24,4,24
21,Ridle Baku,GER,"DF,MF",Wolfsburg,25-271,1998,16,9,904.0,10.0,0,0,0,0,0,0,2,0,0.6,0.6,1.6,21,14,41,67,0,0,0,0,0,6,16,21,6,21
22,Samuel Bamba,GER,FW,Dortmund,19-325,2004,2,0,47.0,0.5,0,0,0,0,0,0,0,0,0.3,0.3,0.1,3,5,2,7,0,0,0,0,0,51,15,67,51,67
23,Aymen Barkok,MAR,"MF,FW",Mainz 05,25-228,1998,13,1,321.0,3.6,1,0,1,1,0,1,2,0,1.7,0.9,0.3,12,14,16,33,28,0,28,28,28,48,7,55,26,33
24,Leandro Barreiro Martins,LUX,MF,Mainz 05,24-001,2000,14,14,1.249,13.9,2,0,2,2,0,0,4,0,2.1,2.1,0.5,26,9,48,21,14,0,14,14,14,15,4,19,15,19
25,Daniel Batz,GER,TW,Mainz 05,32-357,1991,4,4,360.0,4.0,0,0,0,0,0,0,0,0,0.0,0.0,0.0,0,0,0,0,0,0,0,0,0,0,0,0,0,0
26,Maximilian Bauer,GER,DF,Augsburg,23-329,2000,8,5,493.0,5.5,1,0,1,1,0,0,1,0,1.4,1.4,0.0,14,0,11,0,18,0,18,18,18,25,0,25,25,25
27,Elias Baum,GER,"MF,DF",Eint Frankfurt,18-070,2005,2,0,20.0,0.2,0,0,0,0,0,0,0,0,0.0,0.0,0.0,0,0,0,0,0,0,0,0,0,0,0,0,0,0
28,Oliver Baumann,GER,TW,Hoffenheim,33-216,1990,16,16,1.44,16.0,0,1,1,0,0,0,1,0,0.0,0.0,0.1,1,0,0,0,0,6,6,0,6,0,1,1,0,1
29,Christoph Baumgartner,AUT,MF,RB Leipzig,24-156,1999,15,6,621.0,6.9,3,1,4,3,0,0,2,0,2.2,2.2,1.0,32,15,33,52,43,14,58,43,58,32,14,46,32,46
30,Ihlas Bebou,TOG,"FW,DF",Hoffenheim,29-256,1994,14,7,721.0,8.0,3,0,3,3,0,0,2,0,1.8,1.8,0.2,20,15,17,58,37,0,37,37,37,22,3,24,22,24
31,Adrian Beck,GER,MF,Heidenheim,26-209,1997,13,7,566.0,6.3,0,1,1,0,0,0,1,0,1.6,1.6,0.7,23,6,10,20,0,16,16,0,16,26,11,37,26,37
32,Sheraldo Becker,SUR,"FW,MF",Union Berlin,28-329,1995,11,7,645.0,7.2,0,1,1,0,0,0,0,0,0.8,0.8,1.8,26,32,20,73,0,14,14,0,14,12,25,37,12,37
33,Kevin Behrens,GER,FW,Union Berlin,32-335,1991,15,13,1.086,12.1,4,0,4,4,0,0,2,0,5.0,5.0,0.8,58,9,40,79,33,0,33,33,33,41,7,48,41,48
34,Maximilian Beier,GER,FW,Hoffenheim,21-079,2002,15,11,945.0,10.5,6,0,6,6,0,0,0,0,4.5,4.5,0.2,47,21,14,76,57,0,57,57,57,43,2,45,43,45
35,Stefan Bell,GER,DF,Mainz 05,32-133,1991,10,8,666.0,7.4,0,0,0,0,0,0,3,0,0.2,0.2,0.1,3,0,23,2,0,0,0,0,0,3,1,4,3,4
36,Ramy Bensebaini,ALG,DF,Dortmund,28-263,1995,13,11,1.001,11.1,0,0,0,0,0,0,4,1,1.6,1.6,0.4,20,16,74,59,0,0,0,0,0,14,3,18,14,18
37,Mergim Berisha,GER,FW,Hoffenheim,25-238,1998,6,0,144.0,1.6,0,0,0,0,0,0,0,0,0.5,0.5,0.3,8,2,3,13,0,0,0,0,0,32,19,51,32,51
38,Mergim Berisha,GER,FW,Augsburg,25-238,1998,2,2,122.0,1.4,0,0,0,0,0,0,0,0,0.2,0.2,0.1,3,3,1,5,0,0,0,0,0,13,7,20,13,20
39,Bernardo,BRA,DF,Bochum,28-235,1995,16,16,1.439,16.0,1,0,1,1,0,0,3,0,1.1,1.1,0.2,14,13,40,18,6,0,6,6,6,7,1,9,7,9
40,Matúš Bero,SVK,"MF,FW",Bochum,28-120,1995,9,8,580.0,6.4,0,0,0,0,0,0,3,0,0.7,0.7,0.5,12,3,10,29,0,0,0,0,0,10,8,18,10,18
41,Jan-Niklas Beste,GER,"FW,MF",Heidenheim,25-000,1999,14,14,1.173,13.0,5,7,12,5,0,1,4,0,2.2,1.4,3.0,44,29,23,54,38,54,92,38,92,17,23,40,11,34
42,Tom Bischof,GER,"MF,FW",Hoffenheim,18-190,2005,8,1,146.0,1.6,0,1,1,0,0,0,0,0,0.0,0.0,0.7,8,2,15,12,0,62,62,0,62,3,44,46,3,46
43,Leonardo Bittencourt,GER,MF,Werder Bremen,30-016,1993,13,10,756.0,8.4,1,1,2,1,0,0,4,0,1.4,1.4,1.1,25,31,36,29,12,12,24,12,24,16,13,29,16,29
44,Janis Blaswich,GER,TW,RB Leipzig,32-247,1991,16,16,1.44,16.0,0,0,0,0,0,0,0,0,0.0,0.0,0.0,0,0,3,0,0,0,0,0,0,0,0,0,0,0
45,Victor Boniface,NGA,FW,Leverkusen,23-012,2000,16,15,1.276,14.2,10,7,17,9,1,1,2,0,12.1,11.3,3.6,149,43,29,131,71,49,120,63,113,85,25,110,79,105
46,Leonardo Bonucci,ITA,DF,Union Berlin,36-248,1987,7,6,460.0,5.1,1,0,1,0,1,1,0,0,0.8,0.0,0.3,3,0,21,1,20,0,20,0,0,15,6,22,0,6
47,Yvandro Borges Sanches,LUX,"MF,FW",M'Gladbach,19-225,2004,3,0,18.0,0.2,0,0,0,0,0,0,0,0,0.0,0.0,0.0,0,1,0,0,0,0,0,0,0,0,0,0,0,0
48,Sebastiaan Bornauw,BEL,DF,Wolfsburg,24-288,1999,9,6,487.0,5.4,0,0,0,0,0,0,1,0,0.2,0.2,0.0,2,1,14,1,0,0,0,0,0,4,0,4,4,4
49,Rafael Borré,COL,FW,Werder Bremen,28-111,1995,13,10,832.0,9.2,4,0,4,4,0,0,0,0,2.1,2.1,1.7,38,15,23,64,43,0,43,43,43,23,18,42,23,42
50,Julian Brandt,GER,"MF,FW",Dortmund,27-247,1996,16,14,1.213,13.5,5,7,12,5,0,0,1,0,3.0,3.0,6.5,95,38,54,94,37,52,89,37,89,22,49,70,22,70
51,Tim Breithaupt,GER,MF,Augsburg,21-331,2002,10,2,259.0,2.9,0,0,0,0,0,0,2,0,0.0,0.0,0.0,1,0,3,1,0,0,0,0,0,2,1,3,2,3
52,Maximilian Breunig,GER,FW,Freiburg,23-143,2000,1,0,7.0,0.1,0,0,0,0,0,0,0,0,0.0,0.0,0.0,0,0,0,0,0,0,0,0,0,0,0,0,0,0
53,John Brooks,USA,DF,Hoffenheim,30-341,1993,13,13,1.08,12.0,1,0,1,1,0,0,3,0,2.0,2.0,0.1,21,2,39,1,8,0,8,8,8,17,0,17,17,17
54,Moritz Broschinski,GER,"FW,MF",Bochum,23-103,2000,10,2,306.0,3.4,0,0,0,0,0,0,0,0,0.6,0.6,0.1,8,4,4,16,0,0,0,0,0,19,4,22,19,22
55,Alexander Brunst,GER,TW,Darmstadt 98,28-181,1995,1,1,90.0,1.0,0,0,0,0,0,0,0,0,0.0,0.0,0.0,0,0,0,0,0,0,0,0,0,0,0,0,0,0
56,Marius Bülter,GER,"DF,FW",Hoffenheim,30-281,1993,16,9,783.0,8.7,1,3,4,1,0,0,1,0,1.0,1.0,2.2,32,24,29,73,11,34,46,11,46,11,26,37,11,37
57,Jonathan Burkardt,GER,"MF,FW",Mainz 05,23-177,2000,5,2,187.0,2.1,0,0,0,0,0,0,1,0,0.6,0.6,0.0,6,5,6,15,0,0,0,0,0,27,0,27,27,27
58,Oliver Burke,SCO,FW,Werder Bremen,26-272,1997,1,0,32.0,0.4,0,0,0,0,0,0,0,0,0.0,0.0,0.0,0,2,0,1,0,0,0,0,0,0,0,0,0,0
59,Marnon Busch,GER,DF,Heidenheim,29-027,1994,6,3,284.0,3.2,0,0,0,0,0,0,1,0,0.1,0.1,0.2,3,8,18,16,0,0,0,0,0,4,6,10,4,10
60,Aurélio Buta,POR,"DF,MF",Eint Frankfurt,26-328,1997,16,12,941.0,10.5,1,1,2,1,0,0,3,0,0.3,0.3,0.7,10,34,48,71,10,10,19,10,19,3,7,9,3,9
61,Jamie Bynoe-Gittens,ENG,"FW,DF",Dortmund,19-149,2004,8,7,397.0,4.4,1,1,2,1,0,0,0,0,1.1,1.1,0.6,18,22,11,38,23,23,45,23,45,26,14,40,26,40
62,Anthony Caci,FRA,DF,Mainz 05,26-187,1997,14,13,1.149,12.8,2,0,2,2,0,0,3,0,0.5,0.5,0.5,10,11,58,27,16,0,16,16,16,4,4,8,4,8
63,Emre Can,GER,MF,Dortmund,29-357,1994,13,11,955.0,10.6,1,2,3,0,1,1,3,0,0.9,0.1,1.3,14,15,61,9,9,19,28,0,19,8,12,21,1,13
64,Irvin Cardona,FRA,"MF,DF",Augsburg,26-149,1997,3,0,54.0,0.6,0,0,0,0,0,0,1,0,0.2,0.2,0.0,2,3,2,6,0,0,0,0,0,33,0,33,33,33
65,Rasmus Carstensen,DEN,"DF,FW",Köln,23-085,2000,14,12,1.057,11.7,0,0,0,0,0,0,2,1,0.3,0.3,1.1,14,28,37,62,0,0,0,0,0,3,9,12,3,12
66,Fabio Carvalho,POR,MF,RB Leipzig,21-127,2002,9,1,165.0,1.8,0,0,0,0,0,0,0,0,0.2,0.2,0.2,5,8,9,13,0,0,0,0,0,12,13,25,12,25
67,Koen Casteels,BEL,TW,Wolfsburg,31-193,1992,13,13,1.17,13.0,0,0,0,0,0,0,1,0,0.0,0.0,0.2,2,0,1,0,0,0,0,0,0,0,2,2,0,2
68,Václav Černý,CZE,"FW,MF",Wolfsburg,26-079,1997,12,7,545.0,6.1,1,1,2,1,0,0,2,0,1.1,1.1,0.5,16,12,21,47,17,17,33,17,33,18,8,26,18,26
69,Julian Chabot,GER,DF,Köln,25-326,1998,15,15,1.207,13.4,0,0,0,0,0,0,4,1,0.8,0.8,0.1,9,9,32,1,0,0,0,0,0,6,1,7,6,7
70,Fares Chaïbi,ALG,"MF,FW",Eint Frankfurt,21-037,2002,13,11,938.0,10.4,1,2,3,1,0,0,1,0,1.2,1.2,2.8,39,29,41,73,10,19,29,10,29,11,26,38,11,38
71,Fabio Chiarodia,ITA,"DF,MF",M'Gladbach,18-213,2005,5,0,62.0,0.7,0,0,0,0,0,0,0,0,0.0,0.0,0.0,0,0,2,0,0,0,0,0,0,0,0,0,0,0
72,Kingsley Coman,FRA,FW,Bayern Munich,27-205,1996,11,11,835.0,9.3,3,3,6,3,0,0,1,0,2.4,2.4,3.6,61,58,43,135,32,32,65,32,65,26,39,65,26,65
73,Bambasé Conté,GER,"FW,MF",Hoffenheim,20-181,2003,2,0,4.0,0.0,0,0,0,0,0,0,0,0,0.0,0.0,0.0,0,1,1,4,0,0,0,0,0,0,0,0,0,0
74,Danny da Costa,GER,DF,Mainz 05,30-175,1993,13,8,730.0,8.1,0,1,1,0,0,0,1,0,0.3,0.3,0.7,10,19,38,49,0,12,12,0,12,4,9,13,4,13
75,Nicolas Cozza,FRA,DF,Wolfsburg,24-361,1999,5,2,213.0,2.4,0,0,0,0,0,0,1,0,0.0,0.0,0.1,1,5,14,7,0,0,0,0,0,1,4,4,1,4
76,Tomáš Čvančara,CZE,FW,M'Gladbach,23-144,2000,13,6,641.0,7.1,4,1,5,3,1,2,3,0,4.6,3.0,0.7,37,8,10,28,56,14,70,42,56,64,9,74,42,51
77,Finn Dahmen,GER,TW,Augsburg,25-283,1998,16,16,1.44,16.0,0,0,0,0,0,0,2,0,0.0,0.0,0.0,0,0,2,0,0,0,0,0,0,0,0,0,0,0
78,Lukas Daschner,GER,"MF,FW",Bochum,25-095,1998,10,2,302.0,3.4,1,1,2,1,0,0,2,0,2.2,2.2,0.8,30,4,10,19,30,30,60,30,60,64,24,88,64,88
79,David Datro Fofana,CIV,"FW,MF",Union Berlin,21-013,2002,12,8,682.0,7.6,1,0,1,1,0,0,0,0,2.8,2.8,0.3,31,20,14,66,13,0,13,13,13,37,5,41,37,41
80,Alphonso Davies,CAN,DF,Bayern Munich,23-063,2000,14,13,1.088,12.1,0,3,3,0,0,0,0,0,0.3,0.3,1.5,18,65,62,73,0,25,25,0,25,2,12,15,2,15
81,Olivier Deman,BEL,DF,Werder Bremen,23-273,2000,12,9,828.0,9.2,1,1,2,1,0,0,3,0,0.6,0.6,0.5,11,11,27,34,11,11,22,11,22,6,6,12,6,12
82,Ermedin Demirović,BIH,"MF,FW",Augsburg,25-285,1998,16,16,1.383,15.4,8,5,13,7,1,2,4,0,7.3,5.7,2.0,77,14,26,61,52,33,85,46,78,48,13,60,37,50
83,Sepp van den Berg,NED,DF,Mainz 05,22-015,2001,15,13,1.219,13.5,1,0,1,1,0,0,5,0,0.7,0.7,0.0,7,5,57,5,7,0,7,7,7,5,0,5,5,5
84,Florian Dietz,GER,FW,Köln,25-154,1998,2,0,44.0,0.5,0,0,0,0,0,0,0,0,0.1,0.1,0.0,1,0,0,6,0,0,0,0,0,21,0,21,21,21
85,Junior Dina Ebimbe,FRA,"MF,DF",Eint Frankfurt,23-044,2000,15,11,954.0,10.6,3,1,4,3,0,0,1,0,2.5,2.5,1.6,41,33,45,57,28,9,38,28,38,24,15,39,24,39
86,Eren Dinkçi,GER,"FW,MF",Heidenheim,22-022,2001,15,15,1.202,13.4,6,0,6,6,0,0,6,0,1.7,1.7,1.3,30,41,45,60,45,0,45,45,45,13,10,23,13,23
87,Ritsu Doan,JPN,"MF,FW",Freiburg,25-202,1998,16,13,1.06,11.8,1,0,1,1,0,0,0,0,1.7,1.7,0.9,26,25,29,72,8,0,8,8,8,14,8,22,14,22
88,Danilho Doekhi,NED,DF,Union Berlin,25-188,1998,8,8,720.0,8.0,1,0,1,1,0,0,0,0,0.2,0.2,0.1,3,1,31,5,12,0,12,12,12,3,1,4,3,4
89,Niklas Dorsch,GER,MF,Augsburg,25-354,1998,14,13,1.051,11.7,0,0,0,0,0,0,4,0,0.6,0.6,0.0,6,7,36,7,0,0,0,0,0,5,0,5,5,5
90,Nikola Dovedan,AUT,"MF,FW",Heidenheim,29-182,1994,9,1,239.0,2.7,0,0,0,0,0,0,0,0,0.2,0.2,0.1,3,6,10,10,0,0,0,0,0,6,5,11,6,11
91,Damion Downs,GER,"FW,MF",Köln,19-182,2004,3,0,24.0,0.3,0,0,0,0,0,0,0,0,0.2,0.2,0.0,2,0,0,1,0,0,0,0,0,59,0,59,59,59
92,Dion Drena Beljo,CRO,"FW,MF",Augsburg,21-309,2002,13,3,391.0,4.3,2,0,2,2,0,0,2,0,1.3,1.3,0.3,15,13,10,21,46,0,46,46,46,29,6,35,29,35
93,Marvin Ducksch,GER,FW,Werder Bremen,29-303,1994,16,15,1.268,14.1,7,4,11,5,2,3,4,0,5.5,3.0,3.6,66,7,44,71,50,28,78,35,64,39,26,65,21,47
94,Maximilian Eggestein,GER,MF,Freiburg,27-027,1996,16,16,1.391,15.5,0,0,0,0,0,0,3,0,1.3,1.3,0.9,22,20,83,27,0,0,0,0,0,8,6,14,8,14
95,Lilian Egloff,GER,"MF,DF",Stuttgart,21-137,2002,5,1,106.0,1.2,0,0,0,0,0,0,1,0,0.2,0.2,0.0,2,2,2,2,0,0,0,0,0,15,0,15,15,15
96,Nico Elvedi,SUI,DF,M'Gladbach,27-096,1996,14,12,1.069,11.9,1,1,2,1,0,0,3,0,0.4,0.4,0.1,5,15,47,2,8,8,17,8,17,4,1,5,4,5
97,Arne Engels,BEL,"MF,DF",Augsburg,20-118,2003,14,7,686.0,7.6,1,0,1,1,0,0,0,1,1.0,1.0,0.7,18,12,17,25,13,0,13,13,13,14,10,23,14,23
98,Ohis Felix Uduokhai,GER,DF,Augsburg,26-117,1997,15,15,1.301,14.5,1,0,1,1,0,0,4,1,0.6,0.6,0.3,10,12,43,3,7,0,7,7,7,4,2,7,4,7
99,Edimilson Fernandes,SUI,DF,Mainz 05,27-264,1996,11,10,877.0,9.7,0,2,2,0,0,0,3,0,0.5,0.5,0.7,11,8,39,8,0,21,21,0,21,5,7,12,5,12
100,Nacho Ferri,ESP,"FW,MF",Eint Frankfurt,19-091,2004,4,0,53.0,0.6,1,0,1,1,0,0,0,0,0.7,0.7,0.0,7,0,2,5,170,0,170,170,170,121,0,121,121,121
101,Max Finkgräfe,GER,"DF,MF",Köln,19-283,2004,7,2,277.0,3.1,0,0,0,0,0,0,0,0,0.7,0.7,0.3,9,11,5,14,0,0,0,0,0,22,8,31,22,31
102,Jonas Föhrenbach,GER,DF,Heidenheim,27-343,1996,15,14,1.269,14.1,0,0,0,0,0,0,1,0,0.3,0.3,0.4,7,20,39,41,0,0,0,0,0,2,3,5,2,5
103,Emil Forsberg,SWE,"MF,FW",RB Leipzig,32-073,1991,14,5,464.0,5.2,2,1,3,2,0,1,0,0,1.4,0.6,0.9,15,8,22,38,39,19,58,39,58,27,17,44,11,28
104,Philipp Förster,GER,"MF,FW",Bochum,28-334,1995,7,1,212.0,2.4,0,0,0,0,0,0,0,0,0.1,0.1,0.3,4,4,14,11,0,0,0,0,0,6,11,17,6,17
105,Bartol Franjić,CRO,MF,Darmstadt 98,23-355,2000,10,5,537.0,6.0,0,1,1,0,0,0,2,0,0.0,0.0,0.2,2,7,23,6,0,17,17,0,17,0,4,4,0,4
106,Marco Friedl,AUT,DF,Werder Bremen,25-294,1998,12,12,1.027,11.4,0,0,0,0,0,0,3,0,0.0,0.0,0.0,0,0,30,2,0,0,0,0,0,0,0,0,0,0
107,Marvin Friedrich,GER,DF,M'Gladbach,28-022,1995,10,5,490.0,5.4,0,0,0,0,0,0,0,0,0.3,0.3,0.1,3,1,13,2,0,0,0,0,0,5,1,6,5,6
108,Jeremie Frimpong,NED,DF,Leverkusen,23-025,2000,16,16,1.314,14.6,5,6,11,5,0,0,3,0,4.0,4.0,3.6,76,89,28,193,34,41,75,34,75,27,25,52,27,52
109,Chris Führich,GER,"FW,MF",Stuttgart,25-360,1998,16,16,1.25,13.9,5,5,10,5,0,1,1,0,4.8,3.9,4.9,88,77,56,114,36,36,72,36,72,34,35,69,28,63
110,Niclas Füllkrug,GER,FW,Werder Bremen,30-329,1993,2,2,180.0,2.0,0,0,0,0,0,0,0,0,0.5,0.5,0.3,7,2,9,12,0,0,0,0,0,23,13,36,23,36
111,Niclas Füllkrug,GER,FW,Dortmund,30-329,1993,14,12,1.01,11.2,5,5,10,5,0,0,0,0,5.0,5.0,2.3,73,5,19,64,45,45,89,45,89,44,21,65,44,65
112,Cristian Gamboa,CRC,DF,Bochum,34-072,1989,13,10,942.0,10.5,0,1,1,0,0,0,4,0,0.1,0.1,0.3,4,8,27,15,0,10,10,0,10,1,3,4,1,4
113,Yannick Gerhardt,GER,"MF,FW",Wolfsburg,29-297,1994,12,8,696.0,7.7,1,0,1,1,0,0,1,0,0.9,0.9,0.1,11,10,13,36,13,0,13,13,13,12,2,14,12,14
114,Anwar El Ghazi,NED,"MF,DF",Mainz 05,28-246,1995,3,0,54.0,0.6,0,1,1,0,0,0,0,0,0.1,0.1,0.2,4,2,4,5,0,167,167,0,167,22,39,61,22,61
115,Benedikt Gimber,GER,DF,Heidenheim,26-319,1997,7,7,605.0,6.7,1,1,2,1,0,0,3,0,0.5,0.5,0.3,8,1,6,2,15,15,30,15,30,7,5,12,7,12
116,Matthias Ginter,GER,DF,Freiburg,29-350,1994,15,15,1.283,14.3,0,2,2,0,0,0,2,0,0.9,0.9,1.1,20,16,100,16,0,14,14,0,14,7,8,14,7,14
117,Klaus Gjasula,ALB,"DF,MF",Darmstadt 98,34-021,1989,10,8,633.0,7.0,0,0,0,0,0,0,2,1,0.1,0.1,0.1,2,6,39,1,0,0,0,0,0,2,1,3,2,3
118,Serge Gnabry,GER,"FW,MF",Bayern Munich,28-174,1995,5,3,226.0,2.5,0,0,0,0,0,0,0,0,1.1,1.1,0.5,17,12,10,26,0,0,0,0,0,46,22,67,46,67
119,Leon Goretzka,GER,MF,Bayern Munich,28-332,1995,11,10,831.0,9.2,2,1,3,2,0,0,0,0,2.5,2.5,1.3,38,27,55,30,22,11,32,22,32,27,14,41,27,41
120,Robin Gosens,GER,"DF,MF",Union Berlin,29-183,1994,13,11,952.0,10.6,4,0,4,4,0,0,4,0,1.1,1.1,1.3,24,7,46,57,38,0,38,38,38,10,12,22,10,22
121,Mario Götze,GER,"MF,FW",Eint Frankfurt,31-215,1992,14,8,782.0,8.7,0,1,1,0,0,0,4,1,0.1,0.1,1.4,15,8,46,42,0,12,12,0,12,1,16,17,1,17
122,Jeffrey Gouweleeuw,NED,DF,Augsburg,32-178,1991,13,12,1.08,12.0,0,0,0,0,0,0,3,0,0.4,0.4,0.6,10,11,61,5,0,0,0,0,0,3,5,8,3,8
123,Jens Grahl,GER,TW,Eint Frankfurt,35-104,1988,1,1,90.0,1.0,0,1,1,0,0,0,0,0,0.0,0.0,0.2,2,0,0,0,0,100,100,0,100,0,24,24,0,24
124,Ryan Gravenberch,NED,FW,Bayern Munich,21-233,2002,1,0,10.0,0.1,0,0,0,0,0,0,1,0,0.0,0.0,0.2,2,0,1,3,0,0,0,0,0,0,192,192,0,192
125,Michael Gregoritsch,AUT,FW,Freiburg,29-261,1994,14,6,577.0,6.4,3,1,4,3,0,0,0,0,3.5,3.5,0.5,40,5,15,33,47,16,62,47,62,55,7,62,55,62
126,Vincenzo Grifo,ITA,"MF,FW",Freiburg,30-272,1993,14,13,1.095,12.2,3,5,8,0,3,3,1,0,3.8,1.4,3.7,51,19,44,68,25,41,66,0,41,31,30,61,11,41
127,Florian Grillitsch,AUT,MF,Hoffenheim,28-150,1995,13,8,770.0,8.6,1,1,2,1,0,0,4,0,0.8,0.8,0.5,13,14,54,10,12,12,23,12,23,9,6,15,9,15
128,Álex Grimaldo,ESP,DF,Leverkusen,28-106,1995,16,16,1.433,15.9,7,5,12,7,0,0,1,0,2.3,2.3,2.8,51,35,68,106,44,31,75,44,75,14,18,32,14,32
129,Christian Groß,GER,"MF,DF",Werder Bremen,34-330,1989,8,5,455.0,5.1,0,1,1,0,0,0,1,0,0.1,0.1,0.2,3,10,23,4,0,20,20,0,20,2,4,6,2,6
130,Brajan Gruda,GER,"MF,FW",Mainz 05,19-218,2004,14,9,801.0,8.9,1,1,2,1,0,0,3,0,1.1,1.1,1.6,27,47,36,85,11,11,22,11,22,12,18,30,12,30
131,Ilia Gruev,BUL,MF,Werder Bremen,23-243,2000,1,0,4.0,0.0,0,0,0,0,0,0,0,0,0.0,0.0,0.0,0,0,0,0,0,0,0,0,0,0,0,0,0,0
132,Raphaël Guerreiro,POR,"MF,DF",Bayern Munich,30-013,1993,5,2,300.0,3.3,1,0,1,1,0,0,1,0,0.6,0.6,0.0,6,4,14,11,30,0,30,30,30,17,0,17,17,17
133,Josuha Guilavogui,FRA,DF,Mainz 05,33-107,1990,2,1,31.0,0.3,0,0,0,0,0,0,0,0,0.0,0.0,0.0,0,0,1,1,0,0,0,0,0,0,0,0,0,0
134,Serhou Guirassy,GUI,FW,Stuttgart,27-298,1996,14,12,1.055,11.7,17,1,18,14,3,3,0,0,11.6,9.2,3.5,127,16,22,82,145,9,154,119,128,99,30,129,79,109
135,Manuel Gulde,GER,DF,Freiburg,32-326,1991,11,7,718.0,8.0,1,0,1,1,0,0,2,0,0.7,0.7,0.0,7,2,22,1,13,0,13,13,13,9,0,9,9,9
136,Robert Gumny,POL,DF,Augsburg,25-214,1998,11,6,461.0,5.1,0,0,0,0,0,0,3,0,0.2,0.2,0.1,3,7,17,16,0,0,0,0,0,4,1,5,4,5
137,Christian Günter,GER,DF,Freiburg,30-310,1993,1,1,89.0,1.0,0,0,0,0,0,0,0,0,0.0,0.0,0.6,6,2,3,3,0,0,0,0,0,0,59,59,0,59
138,Janik Haberer,GER,MF,Union Berlin,29-277,1994,12,10,771.0,8.6,0,0,0,0,0,0,3,0,0.6,0.6,0.1,8,3,30,25,0,0,0,0,0,7,2,9,7,9
139,Robin Hack,GER,"MF,FW",M'Gladbach,25-130,1998,12,2,333.0,3.7,0,2,2,0,0,0,1,0,0.7,0.7,0.9,16,13,13,26,0,54,54,0,54,20,24,44,20,44
140,Amadou Haidara,MLI,MF,RB Leipzig,25-338,1998,10,8,639.0,7.1,0,0,0,0,0,0,3,0,0.7,0.7,0.8,15,2,56,6,0,0,0,0,0,9,12,21,9,21
141,Sébastien Haller,CIV,FW,Dortmund,29-196,1994,11,4,361.0,4.0,0,0,0,0,0,0,2,0,0.9,0.9,0.6,15,9,10,30,0,0,0,0,0,23,16,39,23,39
142,Andreas Hanche-Olsen,NOR,DF,Mainz 05,26-352,1997,2,1,66.0,0.7,0,0,0,0,0,0,1,0,0.0,0.0,0.0,0,0,0,0,0,0,0,0,0,0,0,0,0,0
143,Genki Haraguchi,JPN,MF,Stuttgart,32-240,1991,1,0,21.0,0.2,0,0,0,0,0,0,0,0,0.0,0.0,0.0,0,1,3,0,0,0,0,0,0,0,0,0,0,0
144,Makoto Hasebe,JPN,"DF,MF",Eint Frankfurt,39-351,1984,3,0,37.0,0.4,0,0,0,0,0,0,0,0,0.0,0.0,0.0,0,0,2,0,0,0,0,0,0,0,0,0,0,0
145,Thorgan Hazard,BEL,DF,Dortmund,30-281,1993,1,0,7.0,0.1,0,0,0,0,0,0,0,0,0.0,0.0,0.0,0,0,2,1,0,0,0,0,0,0,0,0,0,0
146,Dominique Heintz,GER,DF,Köln,30-142,1993,6,5,410.0,4.6,0,0,0,0,0,0,0,0,0.0,0.0,0.3,3,6,17,13,0,0,0,0,0,0,7,7,0,7
147,Benjamin Henrichs,GER,DF,RB Leipzig,26-315,1997,15,14,1.252,13.9,1,3,4,1,0,0,1,0,1.4,1.4,3.0,44,27,64,79,7,22,29,7,29,10,22,31,10,31
148,Patrick Herrmann,GER,"DF,FW",M'Gladbach,32-326,1991,3,0,44.0,0.5,0,0,0,0,0,0,0,0,0.0,0.0,0.0,1,1,4,5,0,0,0,0,0,7,8,15,7,15
149,Piero Hincapié,ECU,DF,Leverkusen,21-360,2002,9,3,296.0,3.3,0,1,1,0,0,0,0,0,0.8,0.8,0.2,9,6,15,6,0,30,30,0,30,23,5,29,23,29
150,Adam Hložek,CZE,"FW,MF",Leverkusen,21-163,2002,13,0,94.0,1.0,1,0,1,1,0,0,0,0,1.4,1.4,0.1,15,8,5,10,96,0,96,96,96,131,10,141,131,141
151,Nicolas Höfler,GER,MF,Freiburg,33-301,1990,12,12,1.071,11.9,1,0,1,1,0,0,5,1,0.5,0.5,0.1,6,7,46,9,8,0,8,8,8,4,1,5,4,5
152,Jonas Hofmann,GER,MF,Leverkusen,31-174,1992,16,15,1.272,14.1,5,5,10,5,0,0,2,0,2.8,2.8,4.7,75,36,68,120,35,35,71,35,71,20,33,53,20,53
153,Philipp Hofmann,GER,FW,Bochum,30-280,1993,13,10,779.0,8.7,0,2,2,0,0,0,1,0,1.5,1.5,1.1,26,2,18,49,0,23,23,0,23,17,13,30,17,30
154,Lucas Höler,GER,"FW,MF",Freiburg,29-178,1994,16,13,1.171,13.0,5,1,6,4,1,1,2,0,5.2,4.4,1.6,60,14,24,74,38,8,46,31,38,40,12,53,34,46
155,Fabian Holland,GER,"MF,DF",Darmstadt 98,33-177,1990,12,12,992.0,11.0,0,2,2,0,0,0,3,1,0.1,0.1,1.0,12,7,56,18,0,18,18,0,18,1,9,11,1,11
156,Benedict Hollerbach,GER,"FW,MF",Union Berlin,22-232,2001,10,4,347.0,3.9,2,0,2,2,0,0,1,0,0.5,0.5,0.3,9,15,11,33,52,0,52,52,52,13,9,22,13,22
157,Franck Honorat,FRA,"DF,FW",M'Gladbach,27-146,1996,16,15,1.251,13.9,1,6,7,1,0,0,1,0,0.5,0.5,5.2,57,46,50,146,7,43,50,7,50,4,37,41,4,41
158,Mathias Honsak,AUT,"MF,FW",Darmstadt 98,27-015,1996,13,6,595.0,6.6,1,0,1,1,0,0,1,0,1.0,1.0,0.3,13,14,9,42,15,0,15,15,15,16,5,20,16,20
159,Fraser Hornby,SCO,"FW,MF",Darmstadt 98,24-113,1999,7,1,217.0,2.4,0,0,0,0,0,0,1,0,0.7,0.7,0.3,10,7,2,7,0,0,0,0,0,27,14,41,27,41
160,Lukáš Hrádecký,FIN,TW,Leverkusen,34-041,1989,16,16,1.44,16.0,0,0,0,0,0,0,1,0,0.0,0.0,0.0,0,0,0,0,0,0,0,0,0,0,0,0,0,0
161,Timo Hübers,GER,DF,Köln,27-168,1996,16,16,1.428,15.9,0,0,0,0,0,0,2,0,1.3,1.3,0.2,15,9,56,1,0,0,0,0,0,8,1,9,8,9
162,Mats Hummels,GER,DF,Dortmund,35-019,1988,14,14,992.0,11.0,2,0,2,2,0,0,4,1,2.5,2.5,0.2,28,8,59,0,18,0,18,18,18,23,2,25,23,25
163,Denis Huseinbasic,GER,MF,Köln,22-185,2001,10,5,459.0,5.1,0,2,2,0,0,0,1,0,0.1,0.1,0.3,4,7,16,10,0,39,39,0,39,1,7,8,1,8
164,Iago,BRA,"DF,FW",Augsburg,26-287,1997,10,5,514.0,5.7,1,1,2,1,0,0,0,0,0.2,0.2,0.8,10,10,19,16,18,18,35,18,35,3,14,17,3,17
165,Thomas Isherwood,SWE,DF,Darmstadt 98,25-341,1998,7,4,326.0,3.6,0,0,0,0,0,0,0,0,0.0,0.0,0.0,0,5,10,1,0,0,0,0,0,0,1,1,0,1
166,Ko Itakura,JPN,DF,M'Gladbach,26-342,1997,7,7,611.0,6.8,2,0,2,2,0,0,4,0,0.7,0.7,0.0,7,3,11,0,29,0,29,29,29,10,0,10,10,10
167,Hiroki Ito,JPN,DF,Stuttgart,24-237,1999,12,11,982.0,10.9,0,2,2,0,0,0,1,0,0.6,0.6,1.4,20,18,58,22,0,18,18,0,18,5,13,18,5,18
168,Lee Jae-sung,KOR,MF,Mainz 05,31-147,1992,16,13,1.12,12.4,2,0,2,2,0,0,3,0,1.2,1.2,0.7,19,11,52,55,16,0,16,16,16,9,6,15,9,15
169,Paul Jaeckel,GER,DF,Union Berlin,25-166,1998,4,2,217.0,2.4,0,0,0,0,0,0,0,0,0.0,0.0,0.1,1,1,14,1,0,0,0,0,0,0,3,3,0,3
170,Kristijan Jakić,CRO,MF,Eint Frankfurt,26-235,1997,3,1,181.0,2.0,0,0,0,0,0,0,1,0,0.0,0.0,0.2,2,3,11,9,0,0,0,0,0,2,9,11,2,11
171,Tony Jantschke,GER,"DF,MF",M'Gladbach,33-272,1990,2,0,19.0,0.2,0,0,0,0,0,0,0,0,0.0,0.0,0.0,0,0,2,0,0,0,0,0,0,0,0,0,0,0
172,Fredrik Jensen,FIN,"FW,MF",Augsburg,26-117,1997,12,8,675.0,7.5,1,3,4,1,0,0,0,0,0.5,0.5,2.1,25,13,21,41,13,40,53,13,53,6,28,34,6,34
173,Moritz Jenz,GER,DF,Wolfsburg,24-249,1999,9,8,761.0,8.5,0,1,1,0,0,0,1,0,0.0,0.0,0.3,3,0,21,1,0,12,12,0,12,0,3,4,0,4
174,Anthony Jung,GER,"DF,FW",Werder Bremen,32-062,1991,15,14,1.202,13.4,0,0,0,0,0,0,2,0,0.0,0.0,0.1,1,8,49,14,0,0,0,0,0,0,1,1,0,1
175,Josip Juranović,CRO,DF,Union Berlin,28-141,1995,9,7,598.0,6.6,0,2,2,0,0,0,1,0,0.3,0.3,1.3,16,15,34,22,0,30,30,0,30,4,20,24,4,24
176,Julian Justvan,GER,"FW,MF",Hoffenheim,25-277,1998,4,0,49.0,0.5,0,0,0,0,0,0,0,0,0.0,0.0,0.0,0,8,5,12,0,0,0,0,0,7,0,7,7,7
177,Ozan Kabak,TUR,DF,Hoffenheim,23-285,2000,12,12,959.0,10.7,2,0,2,2,0,0,4,0,1.1,1.1,0.1,12,8,51,2,19,0,19,19,19,10,1,12,10,12
178,Pavel Kadeřábek,CZE,"DF,FW",Hoffenheim,31-254,1992,12,11,987.0,11.0,1,1,2,1,0,0,2,0,1.6,1.6,1.6,32,17,21,77,9,9,18,9,18,14,15,29,14,29
179,Florian Kainz,AUT,"MF,FW",Köln,31-072,1992,16,14,1.109,12.3,3,0,3,0,3,3,2,0,2.8,0.5,1.4,18,28,70,35,24,0,24,0,0,23,11,34,4,15
180,Jakub Kamiński,POL,"FW,MF",Wolfsburg,21-213,2002,11,1,165.0,1.8,0,0,0,0,0,0,0,0,0.2,0.2,0.1,4,7,10,20,0,0,0,0,0,12,7,20,12,20
181,Kevin Kampl,SVN,MF,RB Leipzig,33-087,1990,13,9,854.0,9.5,1,0,1,1,0,0,2,0,0.1,0.1,0.8,9,20,65,16,11,0,11,11,11,1,9,9,1,9
182,Harry Kane,ENG,FW,Bayern Munich,30-160,1993,15,15,1.318,14.6,21,5,26,18,3,3,1,0,15.1,12.8,4.9,177,17,43,68,143,34,178,123,157,103,34,137,87,121
183,Atakan Karazor,GER,MF,Stuttgart,27-083,1996,16,16,1.364,15.2,0,2,2,0,0,0,4,0,0.7,0.7,1.2,19,12,68,19,0,13,13,0,13,5,8,13,4,13
184,Emir Karic,AUT,DF,Darmstadt 98,26-209,1997,10,6,657.0,7.3,0,0,0,0,0,0,1,0,0.2,0.2,0.6,7,23,42,42,0,0,0,0,0,2,8,10,2,10
185,Silas Katompa,COD,"FW,MF",Stuttgart,25-090,1998,16,8,726.0,8.1,3,1,4,3,0,1,0,0,5.0,4.2,1.0,52,37,17,101,37,12,50,37,50,61,13,74,52,64
186,Mikkel Kaufmann,DEN,"FW,DF",Union Berlin,23-001,2001,8,0,100.0,1.1,1,0,1,1,0,0,0,0,0.3,0.3,0.0,3,1,4,11,90,0,90,90,90,27,0,27,27,27
187,Naby Keïta,GUI,MF,Werder Bremen,28-328,1995,3,1,81.0,0.9,0,0,0,0,0,0,1,0,0.1,0.1,0.0,1,1,8,2,0,0,0,0,0,12,0,12,12,12
188,Yannik Keitel,GER,MF,Freiburg,23-323,2000,3,2,126.0,1.4,0,0,0,0,0,0,0,0,0.0,0.0,0.0,0,0,6,4,0,0,0,0,0,0,0,0,0,0
189,Thomas Keller,GER,"MF,FW",Heidenheim,24-152,1999,2,0,2.0,0.0,0,0,0,0,0,0,0,0,0.0,0.0,0.0,0,0,2,0,0,0,0,0,0,0,0,0,0,0
190,Aljoscha Kemlein,GER,MF,Union Berlin,19-155,2004,2,0,29.0,0.3,0,0,0,0,0,0,0,0,0.0,0.0,0.0,0,0,0,1,0,0,0,0,0,14,0,14,14,14
191,Tobias Kempe,GER,MF,Darmstadt 98,34-191,1989,13,8,737.0,8.2,3,1,4,0,3,3,0,0,3.2,0.8,1.5,23,8,24,27,37,12,49,0,12,39,18,57,10,28
192,Rani Khedira,GER,MF,Union Berlin,29-342,1994,5,5,360.0,4.0,0,0,0,0,0,0,1,1,0.0,0.0,0.0,0,3,8,7,0,0,0,0,0,0,0,0,0,0
193,Luca Kilian,GER,DF,Köln,24-125,1999,9,2,275.0,3.1,0,0,0,0,0,0,1,0,0.0,0.0,0.0,0,4,3,1,0,0,0,0,0,0,1,1,0,1
194,Joshua Kimmich,GER,MF,Bayern Munich,28-330,1995,11,11,856.0,9.5,1,3,4,1,0,0,0,1,0.4,0.4,2.6,30,13,100,16,11,32,42,11,42,5,27,31,5,31
195,Christoph Klarer,AUT,DF,Darmstadt 98,23-204,2000,15,14,1.17,13.0,0,2,2,0,0,0,5,0,0.4,0.4,0.7,11,7,42,7,0,15,15,0,15,3,5,9,3,9
196,Tim Kleindienst,GER,FW,Heidenheim,28-126,1995,16,16,1.397,15.5,6,3,9,4,2,2,2,0,8.0,6.5,2.0,84,21,41,95,39,19,58,26,45,52,13,65,42,54
197,Lukas Klostermann,GER,DF,RB Leipzig,27-215,1996,13,8,781.0,8.7,1,0,1,1,0,0,3,0,0.5,0.5,0.4,9,11,58,7,12,0,12,12,12,6,4,11,6,11
198,Ansgar Knauff,GER,"MF,FW",Eint Frankfurt,21-359,2002,13,10,798.0,8.9,3,0,3,3,0,0,4,1,2.6,2.6,0.7,34,29,18,57,34,0,34,34,34,30,8,38,30,38
199,Robin Knoche,GER,DF,Union Berlin,31-227,1992,12,11,1.041,11.6,0,0,0,0,0,1,0,0,1.0,0.2,0.2,3,2,47,1,0,0,0,0,0,8,1,10,2,3
200,Gregor Kobel,SUI,TW,Dortmund,26-029,1997,16,16,1.375,15.3,0,0,0,0,0,0,1,0,0.0,0.0,0.0,0,0,0,0,0,0,0,0,0,0,0,0,0,0
201,Robin Koch,GER,DF,Eint Frankfurt,27-171,1996,14,14,1.233,13.7,1,0,1,1,0,0,4,0,1.0,1.0,0.0,10,6,38,1,7,0,7,7,7,7,0,8,7,8
202,Dominik Kohr,GER,"MF,DF",Mainz 05,29-338,1994,15,13,1.024,11.4,0,0,0,0,0,0,6,0,0.9,0.9,0.8,17,12,57,13,0,0,0,0,0,8,7,15,8,15
203,Randal Kolo Muani,FRA,FW,Eint Frankfurt,25-030,1998,2,2,153.0,1.7,1,0,1,1,0,0,0,0,1.3,1.3,0.0,13,6,3,9,59,0,59,59,59,77,0,77,77,77
204,Kouadio Koné,FRA,MF,M'Gladbach,22-232,2001,8,7,609.0,6.8,1,0,1,1,0,0,3,1,0.3,0.3,0.3,6,16,22,28,15,0,15,15,15,5,4,9,5,9
205,Odilon Kossonou,CIV,DF,Leverkusen,23-000,2001,15,14,1.208,13.4,1,0,1,1,0,0,2,0,0.6,0.6,0.5,11,30,83,15,7,0,7,7,7,4,4,8,4,8
206,Dawid Kownacki,POL,FW,Werder Bremen,26-296,1997,9,3,215.0,2.4,0,0,0,0,0,0,0,0,0.3,0.3,0.1,4,3,2,16,0,0,0,0,0,14,5,18,14,18
207,Alex Král,CZE,MF,Union Berlin,25-230,1998,12,8,762.0,8.5,0,0,0,0,0,0,2,0,0.8,0.8,0.3,11,9,25,15,0,0,0,0,0,9,3,13,9,13
208,Andrej Kramarić,CRO,"MF,FW",Hoffenheim,32-199,1991,13,10,923.0,10.3,6,1,7,2,4,4,3,0,5.0,1.9,2.8,47,27,41,62,59,10,68,20,29,49,28,77,18,46
209,Christoph Kramer,GER,MF,M'Gladbach,32-319,1991,10,1,182.0,2.0,0,0,0,0,0,0,2,0,0.1,0.1,0.1,2,8,9,7,0,0,0,0,0,5,6,12,5,12
210,Frans Krätzig,GER,DF,Bayern Munich,20-355,2003,4,0,56.0,0.6,0,0,0,0,0,0,0,0,0.3,0.3,0.3,5,0,7,7,0,0,0,0,0,42,42,84,42,84
211,Tom Krauß,GER,MF,Mainz 05,22-196,2001,15,8,800.0,8.9,1,0,1,1,0,0,3,0,0.3,0.3,0.1,5,7,34,14,11,0,11,11,11,4,1,5,4,5
212,Lukas Kübler,GER,DF,Freiburg,31-127,1992,12,10,853.0,9.5,0,0,0,0,0,0,2,0,0.4,0.4,0.2,5,3,27,18,0,0,0,0,0,4,2,6,4,6
213,Moritz-Broni Kwarteng,GHA,"FW,MF",Bochum,25-251,1998,6,1,164.0,1.8,0,1,1,0,0,0,1,0,0.5,0.5,0.5,10,5,5,13,0,55,55,0,55,26,30,56,26,56
214,Maxence Lacroix,FRA,DF,Wolfsburg,23-273,2000,14,14,1.192,13.2,1,0,1,1,0,0,3,2,0.4,0.4,0.2,7,2,54,2,8,0,8,8,8,3,2,5,3,5
215,Aïssa Laïdouni,TUN,MF,Union Berlin,27-022,1996,13,8,724.0,8.0,0,3,3,0,0,0,1,0,0.4,0.4,0.5,9,11,42,26,0,37,37,0,37,5,7,11,5,11
216,Konrad Laimer,AUT,"DF,MF",Bayern Munich,26-222,1997,15,10,1.016,11.3,0,2,2,0,0,0,2,0,0.3,0.3,2.4,27,42,57,48,0,18,18,0,18,3,21,24,3,24
217,Hugo Larsson,SWE,MF,Eint Frankfurt,19-191,2004,14,13,1.155,12.8,2,1,3,2,0,0,0,0,1.2,1.2,1.3,25,20,39,25,16,8,23,16,23,10,10,20,10,20
218,Diogo Leite,POR,DF,Union Berlin,24-346,1999,15,15,1.315,14.6,0,0,0,0,0,0,2,0,0.7,0.7,0.1,8,10,74,2,0,0,0,0,0,5,1,5,5,5
219,Maxim Leitsch,GER,DF,Mainz 05,25-231,1998,5,4,367.0,4.1,0,0,0,0,0,0,0,0,0.0,0.0,0.0,0,1,7,0,0,0,0,0,0,0,0,0,0,0
220,Christopher Lenz,GER,"DF,MF",RB Leipzig,29-104,1994,4,0,36.0,0.4,0,0,0,0,0,0,0,0,0.0,0.0,0.1,1,0,2,5,0,0,0,0,0,0,29,29,0,29
221,Christopher Lenz,GER,DF,Eint Frankfurt,29-104,1994,1,0,10.0,0.1,0,0,0,0,0,0,0,0,0.0,0.0,0.0,0,0,1,0,0,0,0,0,0,0,0,0,0,0
222,Jamie Leweling,GER,"MF,FW",Stuttgart,22-312,2001,16,6,548.0,6.1,0,1,1,0,0,0,1,0,2.2,2.2,2.0,42,26,9,68,0,16,16,0,16,36,33,69,36,69
223,Philipp Lienhart,AUT,DF,Freiburg,27-177,1996,14,14,1.236,13.7,1,0,1,1,0,0,3,0,1.1,1.1,1.1,22,14,52,3,7,0,7,7,7,8,8,16,8,16
224,Matthijs de Ligt,NED,DF,Bayern Munich,24-145,1999,8,3,279.0,3.1,1,0,1,1,0,0,2,0,1.2,1.2,0.0,12,2,10,1,32,0,32,32,32,38,0,38,38,38
225,Jesper Lindstrøm,DEN,FW,Eint Frankfurt,23-309,2000,1,1,83.0,0.9,0,0,0,0,0,0,0,0,0.2,0.2,0.0,2,2,1,9,0,0,0,0,0,20,0,20,20,20
226,Dejan Ljubicic,AUT,"MF,FW",Köln,26-088,1997,15,13,1.109,12.3,0,0,0,0,0,0,3,0,0.8,0.8,1.4,22,26,51,39,0,0,0,0,0,6,12,18,6,18
227,Noah Loosli,SUI,"DF,MF",Bochum,26-346,1997,7,0,165.0,1.8,0,0,0,0,0,0,0,0,0.0,0.0,0.0,0,1,3,1,0,0,0,0,0,0,0,0,0,0
228,Anthony Losilla,FRA,MF,Bochum,37-300,1986,15,15,1.216,13.5,1,1,2,1,0,0,3,0,0.9,0.9,0.5,14,7,47,19,7,7,15,7,15,7,4,11,7,11
229,Castello Lukeba,FRA,DF,RB Leipzig,21-018,2002,15,11,987.0,11.0,1,0,1,1,0,0,2,0,0.4,0.4,0.1,5,11,51,4,9,0,9,9,9,4,1,5,4,5
230,Senne Lynen,BEL,MF,Werder Bremen,24-319,1999,15,4,444.0,4.9,0,1,1,0,0,0,2,0,0.1,0.1,0.7,8,4,13,9,0,20,20,0,20,2,15,17,2,17
231,Matej Maglica,CRO,DF,Darmstadt 98,25-101,1998,13,9,741.0,8.2,1,0,1,1,0,0,2,2,0.4,0.4,0.2,5,7,32,4,12,0,12,12,12,4,2,7,4,7
232,Arne Maier,GER,"DF,MF",Augsburg,24-361,1999,4,0,65.0,0.7,0,0,0,0,0,0,0,0,0.0,0.0,0.0,0,1,2,7,0,0,0,0,0,0,0,0,0,0
233,Linton Maina,GER,"FW,MF",Köln,24-195,1999,14,12,991.0,11.0,1,1,2,1,0,0,0,0,0.8,0.8,1.7,24,66,27,87,9,9,18,9,18,7,15,22,7,22
234,Patrick Mainka,GER,DF,Heidenheim,29-059,1994,16,16,1.44,16.0,2,0,2,2,0,0,1,0,1.8,1.8,0.0,18,15,60,2,12,0,12,12,12,11,0,11,11,11
235,Lovro Majer,CRO,"MF,FW",Wolfsburg,25-352,1998,16,14,1.122,12.5,2,2,4,1,1,1,2,0,2.4,1.6,1.8,34,28,59,75,16,16,32,8,24,19,14,34,13,27
236,Jordy Makengo,FRA,DF,Freiburg,22-154,2001,5,3,308.0,3.4,0,0,0,0,0,0,0,0,0.0,0.0,0.1,1,10,15,13,0,0,0,0,0,0,2,2,0,2
237,Donyell Malen,NED,"FW,MF",Dortmund,24-360,1999,15,11,955.0,10.6,5,0,5,5,0,0,1,0,5.0,5.0,1.4,64,45,29,80,47,0,47,47,47,47,13,60,47,60
238,Lennard Maloney,USA,MF,Heidenheim,24-088,1999,16,16,1.332,14.8,0,1,1,0,0,0,0,0,0.5,0.5,0.6,11,1,38,9,0,7,7,0,7,3,4,8,3,8
239,David Mamutovic,GER,DF,Mainz 05,23-030,2000,1,0,5.0,0.1,0,0,0,0,0,0,0,0,0.0,0.0,0.0,0,0,0,0,0,0,0,0,0,0,0,0,0,0
240,Braydon Manu,GHA,MF,Darmstadt 98,26-282,1997,2,1,81.0,0.9,0,0,0,0,0,0,1,0,0.3,0.3,0.0,4,2,1,8,0,0,0,0,0,37,2,40,37,40
241,Omar Marmoush,EGY,"FW,MF",Eint Frankfurt,24-331,1999,15,13,1.084,12.0,7,3,10,6,1,1,5,0,5.3,4.5,3.1,76,37,25,73,58,25,83,50,75,44,26,70,37,63
242,Eric Martel,GER,MF,Köln,21-250,2002,13,13,1.115,12.4,0,0,0,0,0,0,2,0,1.3,1.3,0.2,16,5,33,18,0,0,0,0,0,11,2,13,11,13
243,Erhan Mašović,SRB,DF,Bochum,25-043,1998,14,12,1.118,12.4,0,0,0,0,0,0,4,0,0.8,0.8,0.3,11,1,23,7,0,0,0,0,0,7,2,9,7,9
244,Roberto Massimo,GER,"DF,FW",Stuttgart,23-084,2000,3,0,61.0,0.7,0,0,0,0,0,0,0,0,0.0,0.0,0.0,0,2,3,3,0,0,0,0,0,0,0,0,0,0
245,Philipp Max,GER,"DF,MF",Eint Frankfurt,30-096,1993,13,11,841.0,9.3,0,1,1,0,0,0,2,0,0.1,0.1,1.2,12,17,32,35,0,11,11,0,11,1,12,13,1,13
246,Eric Maxim Choupo-Moting,CMR,"MF,FW",Bayern Munich,34-287,1989,14,3,330.0,3.7,2,0,2,2,0,0,1,0,3.9,3.9,1.4,53,7,10,32,55,0,55,55,55,106,37,143,106,143
247,Noussair Mazraoui,MAR,DF,Bayern Munich,26-051,1997,11,10,820.0,9.1,0,3,3,0,0,0,3,0,0.8,0.8,1.5,22,24,81,52,0,33,33,0,33,9,16,25,9,25
248,Kevin Mbabu,SUI,DF,Augsburg,28-260,1995,10,7,714.0,7.9,0,0,0,0,0,0,1,0,0.1,0.1,0.7,8,24,26,31,0,0,0,0,0,1,9,10,1,10
249,Noah Mbamba,BEL,MF,Leverkusen,18-364,2005,2,0,15.0,0.2,0,1,1,0,0,0,0,0,0.0,0.0,0.6,6,1,2,1,0,600,600,0,600,15,337,352,15,352
250,Nathanael Mbuku,FRA,FW,Augsburg,21-294,2002,1,0,5.0,0.1,0,0,0,0,0,0,0,0,0.0,0.0,0.0,1,1,1,4,0,0,0,0,0,56,69,125,56,125
251,Marvin Mehlem,GER,MF,Darmstadt 98,26-115,1997,13,13,972.0,10.8,3,2,5,3,0,0,3,0,3.6,3.6,0.7,43,22,35,50,28,19,46,28,46,33,7,40,33,40
252,Thomas Meunier,BEL,DF,Dortmund,32-114,1991,4,3,258.0,2.9,0,0,0,0,0,0,0,0,0.4,0.4,0.1,5,6,10,12,0,0,0,0,0,13,3,16,13,16
253,Alexander Meyer,GER,TW,Dortmund,32-266,1991,1,0,65.0,0.7,0,0,0,0,0,0,0,0,0.0,0.0,0.0,0,0,0,0,0,0,0,0,0,0,0,0,0,0
254,Sven Michel,GER,"FW,MF",Augsburg,33-173,1990,11,5,434.0,4.8,1,1,2,0,1,1,2,0,1.0,0.2,0.3,6,4,11,25,21,21,41,0,21,21,7,29,5,12
255,Enzo Millot,FRA,"MF,FW",Stuttgart,21-171,2002,14,12,1.028,11.4,2,2,4,2,0,0,1,0,1.3,1.3,2.0,33,24,64,85,18,18,35,18,35,11,18,29,11,29
256,Jovan Milošević,SRB,FW,Stuttgart,18-157,2005,4,0,27.0,0.3,0,0,0,0,0,0,0,0,0.0,0.0,0.0,0,0,1,1,0,0,0,0,0,0,0,0,0,0
257,Kim Min-jae,KOR,DF,Bayern Munich,27-050,1996,15,15,1.317,14.6,1,0,1,1,0,0,2,0,0.6,0.6,0.2,8,9,89,2,7,0,7,7,7,4,2,6,4,6
258,Maximilian Mittelstädt,GER,DF,Stuttgart,26-292,1997,14,7,706.0,7.8,0,2,2,0,0,0,2,0,0.2,0.2,1.6,18,26,52,44,0,25,25,0,25,3,21,23,3,23
259,Youssoufa Moukoko,GER,FW,Dortmund,19-045,2004,8,0,150.0,1.7,1,0,1,1,0,0,0,0,0.3,0.3,0.0,4,4,2,5,60,0,60,60,60,20,2,22,20,22
260,Andreas Müller,GER,MF,Darmstadt 98,23-168,2000,3,0,53.0,0.6,0,0,0,0,0,0,0,0,0.0,0.0,0.0,0,0,2,0,0,0,0,0,0,0,0,0,0,0
261,Jannik Müller,GER,DF,Darmstadt 98,29-351,1994,7,7,604.0,6.7,0,0,0,0,0,0,3,0,0.1,0.1,0.0,1,2,16,5,0,0,0,0,0,1,0,1,1,1
262,Kevin Müller,GER,TW,Heidenheim,32-295,1991,16,16,1.44,16.0,0,0,0,0,0,0,1,0,0.0,0.0,0.0,0,0,0,0,0,0,0,0,0,0,0,0,0,0
263,Marcus Müller,GER,MF,Mainz 05,21-137,2002,1,0,18.0,0.2,0,0,0,0,0,0,0,0,0.1,0.1,0.0,1,0,1,0,0,0,0,0,0,26,0,26,26,26
264,Thomas Müller,GER,MF,Bayern Munich,34-113,1989,13,6,500.0,5.6,1,6,7,1,0,0,0,0,2.0,2.0,4.4,64,13,24,50,18,108,126,18,126,35,80,115,35,115
265,Jamal Musiala,GER,"MF,FW",Bayern Munich,20-312,2003,10,7,649.0,7.2,3,2,5,3,0,0,1,0,2.3,2.3,1.8,41,33,38,45,42,28,69,42,69,32,24,57,32,57
266,Phillipp Mwene,AUT,DF,Mainz 05,29-340,1994,9,9,754.0,8.4,0,1,1,0,0,0,1,0,0.3,0.3,1.4,17,18,26,38,0,12,12,0,12,4,17,21,4,21
267,Joakim Mæhle,DEN,DF,Wolfsburg,26-229,1997,15,14,1.257,14.0,1,1,2,1,0,0,3,0,0.9,0.9,1.3,22,41,57,77,7,7,14,7,14,6,10,16,6,16
268,Nathan N'Goumou,FRA,"FW,MF",M'Gladbach,23-296,2000,15,7,668.0,7.4,2,1,3,2,0,0,0,0,1.6,1.6,0.3,19,19,17,64,27,13,40,27,40,22,4,26,22,26
269,Stanley N'Soki,FRA,DF,Hoffenheim,24-270,1999,2,0,25.0,0.3,0,0,0,0,0,0,0,0,0.0,0.0,0.0,0,0,2,0,0,0,0,0,0,0,0,0,0,0
270,Luca Netz,GER,DF,M'Gladbach,20-234,2003,14,13,1.121,12.5,0,3,3,0,0,0,1,0,0.6,0.6,2.2,27,23,36,53,0,24,24,0,24,4,17,22,4,22
271,Manuel Neuer,GER,TW,Bayern Munich,37-283,1986,7,7,630.0,7.0,0,0,0,0,0,0,0,0,0.0,0.0,0.0,0,0,1,0,0,0,0,0,0,0,0,0,0,0
272,Florian Neuhaus,GER,MF,M'Gladbach,26-294,1997,13,7,606.0,6.7,3,0,3,3,0,0,1,0,1.7,1.7,0.5,22,15,36,19,45,0,45,45,45,25,8,33,25,33
273,Jessic Ngankam,GER,"FW,DF",Eint Frankfurt,23-168,2000,13,2,249.0,2.8,0,0,0,0,0,1,2,0,1.5,0.7,0.0,7,2,1,16,0,0,0,0,0,54,1,55,26,27
274,Moritz Nicolas,GER,TW,M'Gladbach,26-075,1997,14,14,1.26,14.0,0,0,0,0,0,0,2,0,0.0,0.0,0.0,0,0,0,0,0,0,0,0,0,0,0,0,0,0
275,Justin Njinmah,GER,"FW,MF",Werder Bremen,23-050,2000,14,2,361.0,4.0,3,2,5,3,0,0,1,0,2.4,2.4,1.6,40,11,6,42,75,50,125,75,125,60,40,100,60,100
276,Niels Nkounkou,FRA,"DF,MF",Eint Frankfurt,23-064,2000,12,3,417.0,4.6,1,1,2,1,0,0,0,0,0.2,0.2,0.2,4,14,13,27,22,22,43,22,43,5,4,9,5,9
277,Felix Nmecha,GER,MF,Dortmund,23-086,2000,10,6,605.0,6.7,0,2,2,0,0,0,2,0,1.0,1.0,0.6,15,11,29,18,0,30,30,0,30,14,9,23,14,23
278,Alexander Nübel,GER,TW,Stuttgart,27-096,1996,16,16,1.44,16.0,0,0,0,0,0,0,0,0,0.0,0.0,0.0,0,0,0,0,0,0,0,0,0,0,0,0,0,0
279,Fabian Nürnberger,GER,"DF,MF",Darmstadt 98,24-160,1999,12,11,955.0,10.6,1,1,2,1,0,0,2,0,0.5,0.5,1.4,19,16,41,56,9,9,19,9,19,5,13,18,5,18
280,Tim Oermann,GER,"DF,MF",Bochum,20-090,2003,5,1,98.0,1.1,0,0,0,0,0,0,0,0,0.0,0.0,0.1,1,3,6,0,0,0,0,0,0,0,9,9,0,9
281,Masaya Okugawa,JPN,"FW,DF",Augsburg,27-265,1996,2,0,32.0,0.4,0,0,0,0,0,0,0,0,0.0,0.0,0.0,0,0,1,2,0,0,0,0,0,0,0,0,0,0
282,Finn Ole Becker,GER,MF,Hoffenheim,23-210,2000,12,3,340.0,3.8,0,0,0,0,0,0,1,0,0.2,0.2,0.3,5,10,19,19,0,0,0,0,0,6,7,14,6,14
283,Mathias Olesen,LUX,"MF,FW",Köln,22-289,2001,6,0,112.0,1.2,0,0,0,0,0,0,2,1,0.0,0.0,0.0,0,2,7,2,0,0,0,0,0,2,1,3,2,3
284,Dani Olmo,ESP,"MF,FW",RB Leipzig,25-242,1998,5,3,282.0,3.1,2,1,3,2,0,0,0,0,0.6,0.6,0.9,15,7,11,21,64,32,96,64,96,18,29,48,18,48
285,Jonas Omlin,SUI,TW,M'Gladbach,29-359,1994,2,2,180.0,2.0,0,1,1,0,0,0,0,0,0.0,0.0,0.4,4,0,0,0,0,50,50,0,50,0,18,18,0,18
286,Karim Onisiwo,AUT,"FW,MF",Mainz 05,31-293,1992,12,9,797.0,8.9,0,3,3,0,0,0,0,0,1.0,1.0,1.1,21,16,17,68,0,34,34,0,34,11,13,24,11,24
287,Loïs Openda,BEL,FW,RB Leipzig,23-322,2000,16,16,1.255,13.9,11,4,15,9,2,2,4,0,10.5,8.9,2.9,118,40,21,117,79,29,108,65,93,75,21,96,64,85
288,Leon Opitz,GER,"FW,DF",Werder Bremen,18-268,2005,2,0,17.0,0.2,0,0,0,0,0,0,0,0,0.0,0.0,0.0,0,1,0,2,0,0,0,0,0,0,0,0,0,0
289,Willi Orban,HUN,DF,RB Leipzig,31-062,1992,3,3,270.0,3.0,0,0,0,0,0,0,0,0,0.1,0.1,0.0,1,3,25,2,0,0,0,0,0,5,0,5,5,5
290,Ivan Ordets,UKR,DF,Bochum,31-180,1992,9,9,753.0,8.4,0,0,0,0,0,0,2,0,0.5,0.5,0.3,8,3,16,4,0,0,0,0,0,6,3,9,6,9
291,Patrick Osterhage,GER,"MF,DF",Bochum,23-337,2000,11,8,772.0,8.6,1,0,1,1,0,0,2,0,0.7,0.7,0.2,8,11,28,34,12,0,12,12,12,8,2,10,8,10
292,Salih Özcan,TUR,MF,Dortmund,25-358,1998,9,6,548.0,6.1,0,0,0,0,0,0,2,0,0.1,0.1,0.7,9,7,27,10,0,0,0,0,0,2,12,14,2,14
293,Willian Pacho,ECU,DF,Eint Frankfurt,22-080,2001,16,16,1.44,16.0,0,0,0,0,0,0,4,0,0.7,0.7,0.1,8,12,64,3,0,0,0,0,0,4,1,5,4,5
294,Gonçalo Paciência,POR,FW,Bochum,29-156,1994,10,4,414.0,4.6,3,0,3,3,0,0,2,0,2.0,2.0,0.8,27,6,17,28,65,0,65,65,65,42,16,59,42,59
295,Exequiel Palacios,ARG,MF,Leverkusen,25-091,1998,15,14,1.205,13.4,2,2,4,1,1,1,5,0,1.4,0.6,2.7,33,15,98,33,15,15,30,7,22,11,20,30,5,25
296,Miloš Pantović,SRB,MF,Union Berlin,27-181,1996,1,0,15.0,0.2,1,0,1,1,0,0,0,0,0.8,0.8,0.0,8,1,0,1,600,0,600,600,600,455,0,455,455,455
297,Antonios Papadopoulos,GER,DF,Dortmund,24-116,1999,1,0,27.0,0.3,0,0,0,0,0,0,0,0,0.0,0.0,0.0,0,0,1,0,0,0,0,0,0,0,0,0,0,0
298,Matondo-Merveille Papela,GER,"MF,DF",Mainz 05,22-351,2001,7,1,141.0,1.6,0,0,0,0,0,0,1,0,0.1,0.1,0.3,4,5,6,4,0,0,0,0,0,3,19,23,3,23
299,Leart Paqarada,KVX,DF,Köln,29-088,1994,12,9,864.0,9.6,0,0,0,0,0,0,0,0,0.2,0.2,1.3,15,20,42,22,0,0,0,0,0,2,14,16,2,16
300,Kevin Paredes,USA,"MF,FW",Wolfsburg,20-242,2003,13,3,350.0,3.9,1,0,1,1,0,0,1,0,0.9,0.9,0.3,12,9,12,32,26,0,26,26,26,23,8,31,23,31
301,Felix Passlack,GER,DF,Bochum,25-220,1998,7,6,434.0,4.8,0,0,0,0,0,0,1,0,0.2,0.2,0.4,6,2,16,25,0,0,0,0,0,5,8,13,5,13
302,Jiří Pavlenka,CZE,TW,Werder Bremen,31-265,1992,7,7,630.0,7.0,0,0,0,0,0,0,0,0,0.0,0.0,0.0,0,0,0,0,0,0,0,0,0,0,0,0,0,0
303,Aleksandar Pavlovic,GER,MF,Bayern Munich,19-246,2004,5,3,299.0,3.3,0,2,2,0,0,0,1,0,0.2,0.2,0.6,9,7,26,2,0,60,60,0,60,7,19,26,7,26
304,Mads Pedersen,DEN,DF,Augsburg,27-125,1996,15,13,1.113,12.4,1,1,2,1,0,0,5,0,0.3,0.3,1.4,17,31,29,38,8,8,16,8,16,3,11,14,3,14
305,Jordan Pefok,USA,FW,M'Gladbach,27-253,1996,9,7,497.0,5.5,2,1,3,2,0,0,0,0,2.4,2.4,0.5,29,3,11,30,36,18,54,36,54,44,9,53,44,53
306,Jordan Pefok,USA,FW,Union Berlin,27-253,1996,1,0,27.0,0.3,0,0,0,0,0,0,0,0,0.0,0.0,0.1,1,0,0,1,0,0,0,0,0,0,40,40,0,40
307,Pavao Pervan,AUT,TW,Wolfsburg,36-052,1987,3,3,270.0,3.0,0,0,0,0,0,0,0,0,0.0,0.0,0.0,0,0,0,0,0,0,0,0,0,0,0,0,0,0
308,Jens Petter Hauge,NOR,"MF,FW",Eint Frankfurt,24-084,1999,8,0,138.0,1.5,0,0,0,0,0,0,0,0,0.1,0.1,0.0,1,6,6,13,0,0,0,0,0,5,3,7,5,7
309,Luca Pfeiffer,GER,"FW,MF",Darmstadt 98,27-137,1996,16,13,1.004,11.2,1,3,4,1,0,0,3,0,2.0,2.0,0.9,29,7,21,47,9,27,36,9,36,18,8,26,18,26
310,Patric Pfeiffer,GER,DF,Augsburg,24-137,1999,6,4,371.0,4.1,0,1,1,0,0,0,0,0,0.2,0.2,0.6,8,1,12,3,0,24,24,0,24,6,14,19,6,19
311,Maximilian Philipp,GER,"FW,MF",Freiburg,29-309,1994,6,1,227.0,2.5,1,0,1,1,0,0,1,0,0.4,0.4,0.0,4,2,4,24,40,0,40,40,40,14,2,16,14,16
312,Florian Pick,GER,"MF,FW",Heidenheim,28-118,1995,11,1,215.0,2.4,0,0,0,0,0,0,1,0,0.1,0.1,0.2,3,7,7,18,0,0,0,0,0,6,8,14,6,14
313,Amos Pieper,GER,DF,Werder Bremen,25-352,1998,6,6,540.0,6.0,0,0,0,0,0,0,0,0,0.2,0.2,0.8,10,3,23,3,0,0,0,0,0,4,13,17,4,17
314,Marvin Pieringer,GER,"FW,MF",Heidenheim,24-092,1999,14,9,733.0,8.1,2,0,2,2,0,0,4,0,1.3,1.3,0.8,21,13,18,38,25,0,25,25,25,16,10,26,16,26
315,Alassane Pléa,FRA,"FW,MF",M'Gladbach,30-300,1993,16,15,1.169,13.0,7,2,9,6,1,1,1,0,5.5,4.7,2.1,68,36,66,94,54,15,69,46,62,42,17,59,36,53
316,Yussuf Poulsen,DEN,FW,RB Leipzig,29-203,1994,15,9,850.0,9.4,3,1,4,3,0,0,0,0,3.6,3.6,0.8,45,8,13,59,32,11,42,32,42,39,9,47,39,47
317,Grischa Prömel,GER,MF,Hoffenheim,28-360,1995,15,15,1.222,13.6,2,5,7,2,0,0,6,0,2.7,2.7,2.5,52,20,57,38,15,37,52,15,52,20,18,38,20,38
318,Gustavo Puerta,COL,"DF,MF",Leverkusen,20-165,2003,4,0,26.0,0.3,0,0,0,0,0,0,0,0,0.1,0.1,0.0,1,0,1,0,0,0,0,0,0,23,0,23,23,23
319,Luca Raimund,GER,FW,Stuttgart,18-270,2005,1,0,20.0,0.2,0,0,0,0,0,0,0,0,0.9,0.9,0.0,9,0,0,1,0,0,0,0,0,418,0,418,418,418
320,Grant Ranos,ARM,"FW,MF",M'Gladbach,20-168,2003,6,0,42.0,0.5,0,0,0,0,0,0,0,0,0.0,0.0,0.0,0,0,2,2,0,0,0,0,0,6,0,6,6,6
321,Nicolai Rapp,GER,DF,Werder Bremen,27-022,1996,2,1,76.0,0.8,0,0,0,0,0,0,1,0,0.0,0.0,0.0,0,1,2,0,0,0,0,0,0,0,0,0,0,0
322,David Raum,GER,DF,RB Leipzig,25-257,1998,16,16,1.409,15.7,2,3,5,2,0,0,2,0,0.7,0.7,2.9,36,45,69,142,13,19,32,13,32,4,19,23,4,23
323,Rocco Reitz,GER,MF,M'Gladbach,21-220,2002,16,13,1.103,12.3,4,1,5,4,0,0,1,0,2.1,2.1,1.1,33,23,56,31,33,8,41,33,41,17,9,27,17,27
324,Marco Reus,GER,"MF,FW",Dortmund,34-218,1989,13,11,891.0,9.9,3,2,5,3,0,0,1,0,2.6,2.6,2.3,50,11,29,38,30,20,51,30,51,27,24,50,27,50
325,Elvis Rexhbeçaj,GER,MF,Augsburg,26-064,1997,16,16,1.375,15.3,2,0,2,1,1,1,3,0,1.4,0.6,0.4,10,10,63,32,13,0,13,7,7,9,3,12,4,6
326,Gio Reyna,USA,"MF,FW",Dortmund,21-052,2002,8,1,235.0,2.6,0,0,0,0,0,0,0,0,0.7,0.7,0.7,14,5,14,18,0,0,0,0,0,28,26,53,28,53
327,Marco Richter,GER,"MF,FW",Mainz 05,26-041,1997,12,6,519.0,5.8,1,0,1,1,0,0,2,0,1.8,1.8,0.7,24,15,25,39,17,0,17,17,17,30,12,42,30,42
328,Clemens Riedel,GER,DF,Darmstadt 98,20-169,2003,7,4,365.0,4.1,0,0,0,0,0,0,2,0,0.1,0.1,0.1,2,2,23,25,0,0,0,0,0,2,2,4,2,4
329,Manuel Riemann,GER,TW,Bochum,35-117,1988,16,16,1.44,16.0,0,0,0,0,0,0,2,0,0.0,0.0,0.1,1,0,4,0,0,0,0,0,0,0,0,0,0,0
330,Sebastian Rode,GER,MF,Eint Frankfurt,33-085,1990,2,1,23.0,0.3,0,0,0,0,0,0,0,0,0.0,0.0,0.0,0,2,6,2,0,0,0,0,0,0,0,0,0,0
331,Rogério,BRA,"DF,MF",Wolfsburg,25-356,1998,7,6,525.0,5.8,1,0,1,1,0,0,0,0,0.3,0.3,0.1,4,20,33,29,17,0,17,17,17,5,2,7,5,7
332,Merlin Röhl,GER,"MF,FW",Freiburg,21-183,2002,12,9,761.0,8.5,1,4,5,1,0,0,3,0,1.6,1.6,1.8,34,19,15,39,12,47,59,12,59,19,21,40,19,40
333,Frank Ronstadt,GER,"DF,MF",Darmstadt 98,26-167,1997,4,0,76.0,0.8,0,0,0,0,0,0,0,0,0.1,0.1,0.1,2,3,2,4,0,0,0,0,0,9,12,21,9,21
334,Anthony Rouault,FRA,DF,Stuttgart,22-220,2001,11,5,458.0,5.1,0,1,1,0,0,0,2,0,0.0,0.0,0.3,4,4,27,5,0,20,20,0,20,1,7,7,1,7
335,Jérôme Roussillon,FRA,DF,Union Berlin,30-363,1993,12,5,475.0,5.3,0,1,1,0,0,0,1,0,0.1,0.1,0.4,4,5,28,16,0,19,19,0,19,1,7,8,1,8
336,Fabian Rüdlin,GER,MF,Freiburg,26-356,1997,1,0,7.0,0.1,0,0,0,0,0,0,0,0,0.0,0.0,0.0,0,0,1,0,0,0,0,0,0,0,0,0,0,0
337,Julian Ryerson,NOR,DF,Dortmund,26-048,1997,10,10,893.0,9.9,3,1,4,3,0,0,1,0,1.0,1.0,1.8,28,19,31,62,30,10,40,30,40,10,19,29,10,29
338,Frederik Rønnow,DEN,TW,Union Berlin,31-153,1992,15,15,1.35,15.0,0,0,0,0,0,0,1,0,0.0,0.0,0.0,0,0,0,0,0,0,0,0,0,0,0,0,0,0
339,Marcel Sabitzer,AUT,MF,Dortmund,29-293,1994,11,10,838.0,9.3,2,0,2,2,0,0,2,0,1.5,1.5,0.5,21,18,47,23,21,0,21,21,21,17,5,22,17,22
340,Roland Sallai,HUN,"FW,DF",Freiburg,26-227,1997,12,9,759.0,8.4,2,0,2,2,0,0,2,0,3.6,3.6,1.2,48,20,17,56,24,0,24,24,24,43,14,57,43,57
341,Diadie Samassékou,MLI,MF,Hoffenheim,27-358,1996,1,0,1.0,0.0,0,0,0,0,0,0,0,0,0.0,0.0,0.0,0,0,0,0,0,0,0,0,0,0,0,0,0,0
342,Leroy Sané,GER,FW,Bayern Munich,27-358,1996,15,15,1.314,14.6,8,8,16,8,0,0,2,0,8.6,8.6,8.1,168,84,71,178,55,55,110,55,110,59,56,115,59,115
343,Amin Sarr,SWE,"FW,MF",Wolfsburg,22-299,2001,5,0,98.0,1.1,0,0,0,0,0,0,0,0,0.0,0.0,0.0,0,1,2,7,0,0,0,0,0,0,0,0,0,0
344,Bouna Sarr,SEN,DF,Bayern Munich,31-338,1992,2,1,106.0,1.2,0,0,0,0,0,0,0,0,0.2,0.2,0.0,2,3,2,4,0,0,0,0,0,19,0,19,19,19
345,Joe Scally,USA,DF,M'Gladbach,21-004,2002,16,13,1.16,12.9,1,1,2,1,0,0,4,0,0.1,0.1,0.4,5,14,47,32,8,8,16,8,16,1,3,4,1,4
346,András Schäfer,HUN,MF,Union Berlin,24-266,1999,4,1,169.0,1.9,0,0,0,0,0,0,0,0,0.1,0.1,0.1,2,7,9,12,0,0,0,0,0,3,5,9,3,9
347,Patrik Schick,CZE,"FW,MF",Leverkusen,27-345,1996,5,1,116.0,1.3,3,0,3,2,1,1,0,0,1.6,0.8,0.1,9,2,1,12,233,0,233,155,155,123,9,132,62,71
348,Stefan Schimmer,GER,"MF,FW",Heidenheim,29-251,1994,8,0,72.0,0.8,0,1,1,0,0,0,0,0,0.2,0.2,0.9,10,1,1,4,0,125,125,0,125,19,108,127,19,127
349,Xaver Schlager,AUT,MF,RB Leipzig,26-098,1997,14,14,1.234,13.7,0,1,1,0,0,0,1,0,0.6,0.6,1.5,21,41,107,23,0,7,7,0,7,4,11,15,4,15
350,Keven Schlotterbeck,GER,DF,Bochum,26-251,1997,11,9,812.0,9.0,1,0,1,1,0,0,6,0,0.6,0.6,0.3,9,3,25,3,11,0,11,11,11,7,3,10,7,10
351,Nico Schlotterbeck,GER,DF,Dortmund,24-034,1999,15,15,1.304,14.5,1,0,1,1,0,0,0,0,1.1,1.1,0.7,18,27,80,6,7,0,7,7,7,8,5,13,8,13
352,Romano Schmid,AUT,MF,Werder Bremen,23-342,2000,16,14,1.224,13.6,1,2,3,1,0,0,2,0,2.7,2.7,2.8,55,39,75,75,7,15,22,7,22,20,21,41,20,41
353,Kenneth Schmidt,GER,DF,Freiburg,21-215,2002,5,0,68.0,0.8,0,0,0,0,0,0,0,0,0.0,0.0,0.1,1,2,4,3,0,0,0,0,0,2,9,12,2,12
354,Benno Schmitz,GER,DF,Köln,29-048,1994,9,6,537.0,6.0,0,0,0,0,0,0,1,0,0.1,0.1,0.2,2,13,38,25,0,0,0,0,0,1,3,4,1,4
355,Fabian Schnellhardt,GER,MF,Darmstadt 98,29-357,1994,6,2,208.0,2.3,0,0,0,0,0,0,1,0,0.2,0.2,0.0,2,5,14,9,0,0,0,0,0,10,1,11,10,11
356,Jan Schöppner,GER,MF,Heidenheim,24-206,1999,9,7,626.0,7.0,2,0,2,2,0,0,2,0,0.8,0.8,0.4,13,7,19,16,29,0,29,29,29,12,6,18,12,18
357,Marcel Schuhen,GER,TW,Darmstadt 98,30-356,1993,15,15,1.35,15.0,0,0,0,0,0,0,1,0,0.0,0.0,0.0,0,0,4,0,0,0,0,0,0,0,0,0,0,0
358,Marvin Schwäbe,GER,TW,Köln,28-254,1995,16,16,1.44,16.0,0,0,0,0,0,0,0,0,0.0,0.0,0.0,0,0,0,0,0,0,0,0,0,0,0,0,0,0
359,Nicolas Seiwald,AUT,MF,RB Leipzig,22-245,2001,6,1,147.0,1.6,0,0,0,0,0,0,1,0,0.0,0.0,0.0,0,0,3,0,0,0,0,0,0,0,0,0,0,0
360,Davie Selke,GER,FW,Köln,28-349,1995,14,13,1.013,11.3,4,0,4,4,0,0,2,0,3.6,3.6,0.3,39,9,13,38,36,0,36,36,36,32,3,35,32,35
361,Benjamin Šeško,SVN,FW,RB Leipzig,20-218,2003,13,3,351.0,3.9,3,0,3,3,0,0,0,0,1.8,1.8,0.2,20,7,3,25,77,0,77,77,77,46,6,52,46,52
362,Kevin Sessa,GER,"MF,FW",Heidenheim,23-182,2000,12,0,218.0,2.4,0,0,0,0,0,0,0,0,0.8,0.8,0.2,10,6,12,17,0,0,0,0,0,33,8,40,33,40
363,Aaron Seydel,GER,FW,Darmstadt 98,27-331,1996,6,3,258.0,2.9,0,0,0,0,0,0,1,0,0.4,0.4,0.2,6,3,7,7,0,0,0,0,0,13,9,21,13,21
364,Tim Siersleben,GER,DF,Heidenheim,23-301,2000,10,9,811.0,9.0,0,0,0,0,0,0,1,0,0.2,0.2,0.5,7,7,44,1,0,0,0,0,0,2,6,8,2,8
365,Kiliann Sildillia,FRA,DF,Freiburg,21-233,2002,15,12,1.038,11.5,0,1,1,0,0,0,2,0,0.1,0.1,0.8,9,14,38,36,0,9,9,0,9,1,7,8,1,8
366,Mohamed Simakan,FRA,DF,RB Leipzig,23-246,2000,16,15,1.329,14.8,1,1,2,1,0,0,4,0,1.7,1.7,0.8,25,17,69,24,7,7,14,7,14,11,6,17,11,17
367,Xavi Simons,NED,MF,RB Leipzig,20-258,2003,16,16,1.267,14.1,4,7,11,4,0,1,4,0,3.8,3.0,3.3,63,61,81,100,28,50,78,28,78,27,23,51,22,45
368,Tim Skarke,GER,"FW,DF",Darmstadt 98,27-119,1996,14,13,1.084,12.0,6,0,6,6,0,0,4,0,1.7,1.7,0.6,23,24,27,79,50,0,50,50,50,14,5,19,14,19
369,Ellyes Skhiri,TUN,MF,Eint Frankfurt,28-239,1995,14,13,1.197,13.3,2,1,3,2,0,0,0,0,1.9,1.9,0.8,26,6,64,17,15,8,23,15,23,14,6,20,14,20
370,Robert Skov,DEN,"DF,FW",Hoffenheim,27-229,1996,14,10,823.0,9.1,3,3,6,3,0,0,2,0,1.1,1.1,1.6,27,15,34,59,33,33,66,33,66,12,17,30,12,30
371,Hrvoje Smolčić,CRO,DF,Eint Frankfurt,23-140,2000,7,2,248.0,2.8,1,0,1,1,0,0,0,0,1.0,1.0,0.0,10,0,7,0,36,0,36,36,36,37,1,37,37,37
372,Danilo Soares,BRA,DF,Bochum,32-067,1991,5,3,351.0,3.9,0,0,0,0,0,0,0,0,0.0,0.0,0.1,1,3,15,8,0,0,0,0,0,1,3,4,1,4
373,Borna Sosa,CRO,"FW,DF",Stuttgart,25-348,1998,2,0,46.0,0.5,0,0,0,0,0,0,0,0,0.0,0.0,0.3,3,5,2,10,0,0,0,0,0,6,57,63,6,63
374,Anton Stach,GER,MF,Hoffenheim,25-050,1998,13,11,1.033,11.5,1,0,1,1,0,0,1,0,0.8,0.8,1.5,23,24,60,24,9,0,9,9,9,7,13,20,7,20
375,Anton Stach,GER,MF,Mainz 05,25-050,1998,2,2,170.0,1.9,0,0,0,0,0,0,0,0,0.2,0.2,0.1,3,3,8,10,0,0,0,0,0,10,6,16,10,16
376,Jens Stage,DEN,MF,Werder Bremen,27-057,1996,16,15,1.348,15.0,2,1,3,2,0,0,3,0,2.5,2.5,1.0,35,10,47,29,13,7,20,13,20,17,6,23,17,23
377,Josip Stanišić,CRO,DF,Leverkusen,23-277,2000,6,2,255.0,2.8,0,0,0,0,0,0,0,0,0.0,0.0,0.3,3,11,21,5,0,0,0,0,0,0,12,12,0,12
378,Niklas Stark,GER,DF,Werder Bremen,28-265,1995,8,6,576.0,6.4,1,0,1,1,0,0,1,0,0.2,0.2,0.0,2,3,16,0,16,0,16,16,16,3,0,3,3,3
379,Pascal Stenzel,GER,DF,Stuttgart,27-290,1996,11,10,758.0,8.4,0,3,3,0,0,0,1,0,0.2,0.2,2.0,22,27,63,31,0,36,36,0,36,2,24,26,2,26
380,Leonidas Stergiou,SUI,DF,Stuttgart,21-307,2002,5,0,43.0,0.5,0,0,0,0,0,0,0,0,0.0,0.0,0.0,0,1,2,1,0,0,0,0,0,0,0,0,0,0
381,Angelo Stiller,GER,MF,Hoffenheim,22-275,2001,1,1,84.0,0.9,0,0,0,0,0,0,0,0,0.1,0.1,0.0,1,2,7,3,0,0,0,0,0,9,3,12,9,12
382,Angelo Stiller,GER,MF,Stuttgart,22-275,2001,14,13,1.19,13.2,0,3,3,0,0,0,1,0,0.5,0.5,2.4,29,14,96,30,0,23,23,0,23,4,18,22,4,22
383,Kevin Stöger,AUT,MF,Bochum,30-130,1993,15,15,1.186,13.2,4,3,7,1,3,3,5,0,3.7,1.3,3.2,46,36,130,47,30,23,53,8,30,28,25,53,10,35
384,Filip Stojilković,SUI,"FW,MF",Darmstadt 98,24-000,2000,6,0,154.0,1.7,0,0,0,0,0,0,1,0,0.2,0.2,0.0,2,4,3,10,0,0,0,0,0,11,0,11,11,11
385,Niklas Süle,GER,DF,Dortmund,28-123,1995,11,4,617.0,6.9,1,0,1,1,0,0,0,0,0.3,0.3,0.1,4,12,43,6,15,0,15,15,15,4,2,6,4,6
386,Mattias Svanberg,SWE,MF,Wolfsburg,24-364,1999,15,15,1.203,13.4,1,3,4,1,0,0,4,0,2.1,2.1,1.4,34,19,62,35,7,22,30,7,30,15,10,26,15,26
387,Attila Szalai,HUN,DF,Hoffenheim,25-349,1998,4,4,288.0,3.2,0,0,0,0,0,0,1,0,0.0,0.0,0.5,5,2,13,3,0,0,0,0,0,0,16,16,0,16
388,Jonathan Tah,GER,DF,Leverkusen,27-327,1996,15,15,1.307,14.5,3,0,3,3,0,0,4,0,1.2,1.2,0.1,13,8,53,1,21,0,21,21,21,9,0,9,9,9
389,Edmond Tapsoba,BFA,DF,Leverkusen,24-336,1999,14,13,1.173,13.0,0,0,0,0,0,0,3,0,0.6,0.6,0.8,14,27,85,6,0,0,0,0,0,5,6,11,5,11
390,Mathys Tel,FRA,"FW,MF",Bayern Munich,18-252,2005,11,0,213.0,2.4,3,2,5,3,0,0,1,0,0.7,0.7,0.3,10,10,5,26,127,85,211,127,211,29,14,43,29,43
391,Nathan Tella,NGA,DF,Leverkusen,24-183,1999,8,0,79.0,0.9,1,0,1,1,0,0,0,0,0.1,0.1,0.5,7,3,6,11,114,0,114,114,114,17,61,78,17,78
392,Norman Theuerkauf,GER,"MF,DF",Heidenheim,36-345,1987,12,9,727.0,8.1,0,1,1,0,0,0,2,0,0.1,0.1,0.3,5,2,24,13,0,12,12,0,12,2,4,6,2,6
393,Jan Thielmann,GER,"FW,MF",Köln,21-223,2002,7,5,437.0,4.9,0,0,0,0,0,0,1,0,0.6,0.6,0.2,8,16,20,20,0,0,0,0,0,12,4,17,12,17
394,Denis Thomalla,GER,"MF,FW",Heidenheim,31-141,1992,14,3,353.0,3.9,0,0,0,0,0,0,0,0,0.3,0.3,0.3,6,3,19,14,0,0,0,0,0,7,8,15,7,15
395,Phillip Tietz,GER,FW,Augsburg,26-179,1997,16,13,1.055,11.7,3,2,5,3,0,0,0,0,4.8,4.8,1.2,60,6,15,49,26,17,43,26,43,41,10,51,41,51
396,Steffen Tigges,GER,"FW,MF",Köln,25-157,1998,11,4,372.0,4.1,0,0,0,0,0,0,0,0,0.5,0.5,0.4,8,3,6,25,0,0,0,0,0,11,9,20,11,20
397,Umut Tohumcu,GER,MF,Hoffenheim,19-146,2004,4,3,203.0,2.3,0,1,1,0,0,0,2,0,0.1,0.1,0.4,5,3,8,7,0,44,44,0,44,5,18,23,5,23
398,Tiago Tomás,POR,"FW,MF",Wolfsburg,21-202,2002,14,6,583.0,6.5,1,0,1,1,0,0,2,0,1.9,1.9,0.3,23,15,12,70,15,0,15,15,15,29,5,35,29,35
399,Fabio Torsiello,ITA,"DF,FW",Darmstadt 98,18-336,2005,3,0,26.0,0.3,0,0,0,0,0,0,0,0,0.1,0.1,0.0,1,1,1,3,0,0,0,0,0,30,0,30,30,30
400,Lucas Tousart,FRA,MF,Union Berlin,26-250,1997,6,3,305.0,3.4,0,0,0,0,0,0,1,0,0.1,0.1,0.4,5,2,8,11,0,0,0,0,0,4,12,16,4,16
401,Omar Traoré,GER,DF,Heidenheim,25-334,1998,15,13,1.136,12.6,0,1,1,0,0,0,2,0,0.1,0.1,0.7,7,29,36,40,0,8,8,0,8,1,5,6,1,6
402,Kevin Trapp,GER,TW,Eint Frankfurt,33-180,1990,15,15,1.35,15.0,0,0,0,0,0,0,1,0,0.0,0.0,0.0,0,0,0,0,0,0,0,0,0,0,0,0,0,0
403,Christopher Trimmel,AUT,"DF,MF",Union Berlin,36-314,1987,11,8,750.0,8.3,0,1,1,0,0,0,0,0,0.4,0.4,0.8,12,8,39,38,0,12,12,0,12,5,10,15,5,14
404,Tuta,BRA,DF,Eint Frankfurt,24-184,1999,15,15,1.261,14.0,0,1,1,0,0,0,0,0,0.4,0.4,1.2,16,10,56,16,0,7,7,0,7,3,9,12,3,12
405,Lukas Ullrich,GER,DF,M'Gladbach,19-294,2004,2,0,21.0,0.2,0,0,0,0,0,0,0,0,0.0,0.0,0.0,0,0,0,5,0,0,0,0,0,0,0,0,0,0
406,Sven Ulreich,GER,TW,Bayern Munich,35-154,1988,8,8,720.0,8.0,0,0,0,0,0,0,1,0,0.0,0.0,0.0,0,0,0,0,0,0,0,0,0,0,0,0,0,0
407,Deniz Undav,GER,FW,Stuttgart,27-169,1996,13,8,780.0,8.7,9,3,12,9,0,1,3,0,7.9,7.1,2.5,96,19,35,64,104,35,138,104,138,91,28,119,82,110
408,Dayot Upamecano,FRA,DF,Bayern Munich,25-069,1998,13,12,1.05,11.7,1,0,1,1,0,0,1,0,0.9,0.9,0.4,13,12,69,1,9,0,9,9,9,7,3,11,7,11
409,Mark Uth,GER,"MF,FW",Köln,32-133,1991,7,3,258.0,2.9,0,0,0,0,0,0,1,0,1.2,1.2,0.7,18,6,9,20,0,0,0,0,0,41,23,64,41,64
410,Josha Vagnoman,GER,"DF,MF",Stuttgart,23-024,2000,6,2,260.0,2.9,0,1,1,0,0,0,0,0,0.5,0.5,0.8,13,6,7,17,0,35,35,0,35,18,27,45,18,45
411,Ruben Vargas,SUI,"MF,FW",Augsburg,25-152,1998,14,8,733.0,8.1,1,1,2,1,0,0,0,0,1.1,1.1,1.0,21,15,23,44,12,12,25,12,25,13,13,26,13,26
412,Miloš Veljković,SRB,DF,Werder Bremen,28-100,1995,13,12,1.097,12.2,1,1,2,1,0,0,2,0,0.9,0.9,0.5,14,7,47,7,8,8,16,8,16,7,4,12,7,12
413,Oscar Vilhelmsson,SWE,"FW,MF",Darmstadt 98,20-094,2003,9,5,445.0,4.9,1,0,1,1,0,0,1,0,0.8,0.8,0.0,8,3,1,25,20,0,20,20,20,17,0,17,17,17
414,Kevin Vogt,GER,DF,Hoffenheim,32-103,1991,16,14,1.319,14.7,0,0,0,0,0,0,2,0,0.7,0.7,0.1,8,16,84,12,0,0,0,0,0,5,1,5,5,5
415,Kevin Volland,GER,"MF,FW",Union Berlin,31-158,1992,10,6,495.0,5.5,2,3,5,1,1,1,0,1,1.9,1.1,1.4,25,4,20,44,36,55,91,18,73,35,26,61,20,46
416,Aster Vranckx,BEL,MF,Wolfsburg,21-092,2002,12,6,636.0,7.1,0,0,0,0,0,0,4,0,0.0,0.0,0.2,2,3,29,6,0,0,0,0,0,1,3,3,1,3
417,Luca Waldschmidt,GER,"MF,FW",Köln,27-230,1996,15,10,848.0,9.4,2,0,2,2,0,0,0,0,1.7,1.7,1.0,27,26,37,42,21,0,21,21,21,18,11,29,18,29
418,Wout Weghorst,NED,FW,Hoffenheim,31-150,1992,12,12,972.0,10.8,4,0,4,3,1,1,3,0,3.8,3.0,1.6,47,8,20,51,37,0,37,28,28,35,15,51,28,43
419,Julian Weigl,GER,MF,M'Gladbach,28-118,1995,15,15,1.341,14.9,1,2,3,0,1,1,4,0,1.2,0.4,1.6,19,8,60,5,7,13,20,0,13,8,11,18,2,13
420,Nelson Weiper,GER,"FW,MF",Mainz 05,18-293,2005,3,1,104.0,1.2,0,0,0,0,0,0,0,0,0.0,0.0,0.2,2,3,2,17,0,0,0,0,0,4,13,17,4,17
421,Mitchell Weiser,GER,"DF,FW",Werder Bremen,29-258,1994,16,16,1.384,15.4,1,4,5,1,0,0,3,0,1.0,1.0,1.7,28,34,51,93,7,26,33,7,33,7,11,18,7,18
422,Noah Weißhaupt,GER,"DF,MF",Freiburg,22-106,2001,13,4,451.0,5.0,1,1,2,1,0,0,1,0,0.4,0.4,1.1,15,28,15,51,20,20,40,20,40,8,22,31,8,31
423,Timo Werner,GER,"FW,MF",RB Leipzig,27-304,1996,8,2,207.0,2.3,2,0,2,1,1,1,0,0,2.4,1.6,0.0,16,10,6,32,87,0,87,43,43,102,2,104,68,70
424,Silvan Widmer,SUI,DF,Mainz 05,30-305,1993,4,4,353.0,3.9,0,0,0,0,0,0,1,0,0.0,0.0,1.4,14,11,19,21,0,0,0,0,0,0,35,35,0,35
425,Patrick Wimmer,AUT,FW,Wolfsburg,22-219,2001,6,4,280.0,3.1,0,0,0,0,0,0,1,0,0.3,0.3,0.1,4,3,7,15,0,0,0,0,0,8,4,12,8,12
426,Jonas Wind,DEN,FW,Wolfsburg,24-331,1999,16,16,1.402,15.6,9,4,13,9,0,1,3,0,6.3,5.4,3.0,84,5,42,68,58,26,83,58,83,40,19,60,34,54
427,Florian Wirtz,GER,MF,Leverkusen,20-246,2003,16,15,1.262,14.0,5,7,12,5,0,0,1,0,3.9,3.9,4.0,79,73,110,143,36,50,86,36,86,28,29,57,28,57
428,Maximilian Wittek,GER,"DF,MF",Bochum,28-136,1995,9,7,497.0,5.5,0,1,1,0,0,0,1,0,0.3,0.3,0.5,8,10,34,20,0,18,18,0,18,5,9,14,5,14
429,Maximilian Wöber,AUT,DF,M'Gladbach,25-334,1998,15,15,1.321,14.7,1,2,3,1,0,0,3,1,0.8,0.8,1.0,18,23,84,17,7,14,20,7,20,5,6,12,5,12
430,Marius Wolf,GER,DF,Dortmund,28-222,1995,12,7,630.0,7.0,0,1,1,0,0,0,2,0,0.2,0.2,1.0,12,24,28,51,0,14,14,0,14,3,14,18,3,18
431,Nick Woltemade,GER,"FW,MF",Werder Bremen,21-324,2002,12,1,257.0,2.9,0,0,0,0,0,0,0,0,0.6,0.6,0.4,10,3,8,25,0,0,0,0,0,21,14,36,21,36
432,Jeong Woo-yeong,KOR,MF,Stuttgart,24-106,1999,12,4,380.0,4.2,0,2,2,0,0,0,0,0,0.8,0.8,0.9,17,9,12,29,0,47,47,0,47,20,21,41,20,41
433,Granit Xhaka,SUI,MF,Leverkusen,31-099,1992,16,16,1.415,15.7,0,0,0,0,0,0,3,0,0.7,0.7,1.1,19,27,176,20,0,0,0,0,0,5,7,12,5,12
434,Dan-Axel Zagadou,FRA,DF,Stuttgart,24-215,1999,16,13,1.183,13.1,1,0,1,1,0,0,1,0,0.9,0.9,0.1,10,1,56,2,8,0,8,8,8,7,1,8,7,8
435,Robin Zentner,GER,TW,Mainz 05,29-068,1994,12,12,1.08,12.0,0,0,0,0,0,0,2,0,0.0,0.0,0.0,0,0,1,0,0,0,0,0,0,0,0,0,0,0
436,Cedric Zesiger,SUI,DF,Wolfsburg,25-194,1998,13,11,936.0,10.4,0,0,0,0,0,0,4,0,0.9,0.9,0.0,9,8,49,0,0,0,0,0,0,9,0,9,9,9
437,Michael Zetterer,GER,TW,Werder Bremen,28-176,1995,9,9,810.0,9.0,0,0,0,0,0,0,1,0,0.0,0.0,0.0,0,0,0,0,0,0,0,0,0,0,0,0,0,0
438,Christoph Zimmermann,GER,DF,Darmstadt 98,30-357,1993,6,5,441.0,4.9,0,0,0,0,0,0,0,0,0.0,0.0,0.0,0,1,9,0,0,0,0,0,0,0,0,0,0,0
439,Simon Zoller,GER,"FW,MF",Bochum,32-192,1991,1,0,45.0,0.5,0,0,0,0,0,0,0,0,0.0,0.0,0.0,0,0,0,0,0,0,0,0,0,0,0,0,0,0
